,Competition Name,URL,State,Date,Type,City,Facility,Street Address,ZIP,Lat,Lon
0,Anchorage Chapter Competition ,https://www.mathcounts.org/anchorage-chapter-competition,AK,02/08/2020,Chapter,Anchorage,University of Alaska Anchorage,,,61.1910421,-149.8195598
1,Fairbanks Chapter Competition ,https://www.mathcounts.org/fairbanks-chapter-competition,AK,02/15/2020,Chapter,Fairbanks,University of Alaska Fairbanks,,,64.85466459999999,-147.8156757
2,Remote Chapter Competition ,https://www.mathcounts.org/remote-chapter-competition,AK,02/08/2020,Chapter,Anchorage,UAA,3211 Providence Drive,99503,61.1910421,-149.8195598
3,Southeast AK Chapter Competition ,https://www.mathcounts.org/southeast-ak-chapter-competition,AK,02/08/2020,Chapter,Juneau,University of Alaska Juneau,,,58.38552139999999,-134.6407459
4,Birmingham Chapter Competition ,https://www.mathcounts.org/birmingham-chapter-competition,AL,02/29/2020,Chapter,Vestavia Hills,Liberty Park Middle School,17035 Liberty Parkway,35242,33.478673,-86.67306959999999
5,Huntsville Chapter Competition ,https://www.mathcounts.org/huntsville-chapter-competition,AL,02/08/2020,Chapter,Madison,Discovery Middle School,1304 Hughes Rd,35758,34.7408576,-86.7414828
6,Mobile/Southwest Chapter Competition ,https://www.mathcounts.org/mobilesouthwest-chapter-competition,AL,02/15/2020,Chapter,Mobile,University of South Alabama,Shelby Hall,TBD,30.6911113,-88.175164
7,Montgomery Chapter Competition ,https://www.mathcounts.org/montgomery-chapter-competition,AL,02/21/2020,Chapter,Montgomery,AUM Campus,,,32.3682193,-86.17357419999999
8,Muscle Shoals Chapter Competition ,https://www.mathcounts.org/muscle-shoals-chapter-competition,AL,02/22/2020,Chapter,Florence,University of North Alabama,Stevens Hall Auditorium,,34.8074555,-87.6811676
9,Tuscaloosa Chapter Competition ,https://www.mathcounts.org/tuscaloosa-chapter-competition,AL,02/22/2020,Chapter,Tuscaloosa,HM Comer Hall,245 7th Ave,35487,33.2154755,-87.54437020000002
10,Central Arkansas Chapter Competition ,https://www.mathcounts.org/central-arkansas-chapter-competition,AR,02/15/2020,Chapter,Little Rock,UALR,2801 S. University Avenue,72204,34.7240568,-92.3388872
11,Northwest Arkansas Chapter Competition ,https://www.mathcounts.org/northwest-arkansas-chapter-competition,AR,02/01/2020,Chapter,Fayetteville,"Bell Engineering Center, University of Arkansas Fayetteville",800 W. Dickson St.,72701,36.0670074,-94.1714097
12,Central Arizona Chapter Competition ,https://www.mathcounts.org/central-arizona-chapter-competition,AZ,02/08/2020,Chapter,Phoenix,Ninyo & Moore,3202 East Harbour Drive,85034,33.417358,-112.0116272
13,Northern Arizona Chapter Competition ,https://www.mathcounts.org/northern-arizona-chapter-competition,AZ,02/08/2020,Chapter,Phoenix,Ninyo & Moore,3202 East Harbour Drive,85034,33.417358,-112.0116272
14,Papago Chapter Competition ,https://www.mathcounts.org/papago-chapter-competition-0,AZ,02/29/2020,Chapter,Mesa,Red Mountain Recreation Center - Mesquite Room,7550 E. Adobe Road,85207,33.4315994,-111.6672934
15,Southern Arizona Chapter Competition ,https://www.mathcounts.org/southern-arizona-chapter-competition,AZ,02/28/2020,Chapter,Tucson,Tucson Jewish Community Center,3800 E River Rd.,85718,32.2738624,-110.9123838
16,Western Arizona Chapter Competition ,https://www.mathcounts.org/western-arizona-chapter-competition,AZ,02/07/2020,Chapter,Yuma,"Arizona Western College Schoening Conferrence Ctr., North Wing",2020 S Avenue 8 E,85365,32.6886907,-114.4950487
17,Central Coast Chapter Competition ,https://www.mathcounts.org/central-coast-chapter-competition,CA,02/08/2020,Chapter,San Luis Obispo,Cal Poly,Department of Mathematics,93407,35.3006227,-120.6601797
18,Coyote Valley Chapter Competition ,https://www.mathcounts.org/coyote-valley-chapter-competition,CA,02/01/2020,Chapter,Morgan Hill,Oakwood School,105 John Wilson Way,95037,37.1040607,-121.6345322
19,Diablo Chapter Competition ,https://www.mathcounts.org/diablo-chapter-competition,CA,02/29/2020,Chapter,Pleasanton,Harvest Park Middle School,,,37.67555910000001,-121.8833185
20,East San Gabriel Valley Chapter Competition ,https://www.mathcounts.org/east-san-gabriel-valley-chapter-competition,CA,02/15/2020,Chapter,Irwindale,Southern California Edison Energy Education Center,6090 N. Irwindale Ave.,91702,34.1247857,-117.9320661
21,Eureka Chapter Competition ,https://www.mathcounts.org/eureka-chapter-competition,CA,02/01/2020,Chapter,Arcata,Science B,"1 Harpst Street, Humboldt State University",95521,40.8747332,-124.0789268
22,Fremont Chapter Competition ,https://www.mathcounts.org/fremont-chapter-competition,CA,02/15/2020,Chapter,Fremont,Mission San Jose Elementary School,43545 Bryant ST.,94539,37.5282681,-121.9222403
23,Fresno County Chapter Competition ,https://www.mathcounts.org/fresno-county-chapter-competition,CA,02/13/2020,Chapter,Fresno,California State University,Fresno Satellite Student Union,,36.8134015,-119.7452445
24,Golden Gate Chapter Competition ,https://www.mathcounts.org/golden-gate-chapter-competition,CA,02/22/2020,Chapter,San Francisco,Lawton Alternative School,1570 31st Ave,94122,37.7576199,-122.4893176
25,Kern County Chapter Competition ,https://www.mathcounts.org/kern-county-chapter-competition,CA,02/07/2019,Chapter,Bakersfield,CSU Bakersfield,9001 Stockdale Hwy,93311-1022,35.3486641,-119.1033448
26,Monterey Bay Chapter Competition ,https://www.mathcounts.org/monterey-bay-chapter-competition,CA,02/01/2020,Chapter,Salinas,San Benancio Middle School,43 San Benancio Rd.,93908,36.5777902,-121.7172297
27,Northwest Santa Clara Valley Chapter Competition ,https://www.mathcounts.org/northwest-santa-clara-valley-chapter-competition,CA,02/08/2020,Chapter,Sunnyvale,Cupertino Middle School,1650 S. Bernardo Avenue,94087,37.34052399999999,-122.0592152
28,Orange County Chapter Competition ,https://www.mathcounts.org/orange-county-chapter-competition,CA,02/22/2020,Chapter,Irvine,University of California Irvine,UCI Student Center,,33.6404952,-117.8442962
29,Peninsula Chapter Competition ,https://www.mathcounts.org/peninsula-chapter-competition,CA,02/01/2020,Chapter,Palo Alto,Greene Middle School,750 N California Ave,94303,37.4383752,-122.1348162
30,Redding Chapter Competition  ,https://www.mathcounts.org/redding-chapter-competition-0,CA,02/12/2020,Chapter,Anderson,VFW Hall,W. Center Street,96007,40.4517879,-122.3045548
31,Redwood Empire Competition ,https://www.mathcounts.org/redwood-empire-competition,CA,02/08/2020,Chapter,Santa Rosa,Sonoma Country Day School,,,38.5163673,-122.7874093
32,Riverside/San Bernardino Chapter Competition ,https://www.mathcounts.org/riversidesan-bernardino-chapter-competition,CA,02/15/2020,Chapter,Riverside,California Baptist University,"School of Business Bldg., 8432 Magnolia Avenue",92504,33.9284067,-117.4255596
33,San Diego Chapter Competition ,https://www.mathcounts.org/san-diego-chapter-competition,CA,02/29/2020,Chapter,San Diego,UC-San Diego,Warren Lecture Hall,92093,32.8805918,-117.2344208
34,San Fernando Valley Chapter Competition ,https://www.mathcounts.org/san-fernando-valley-chapter-competition,CA,02/22/2020,Chapter,Northridge,California State University,Student Union,,34.0680984,-118.1690311
35,San Joaquin Chapter Competition ,https://www.mathcounts.org/san-joaquin-chapter-competition,CA,02/01/2020,Chapter,Stockton,"University of the Pacific, Stockton",3601 Pacific Avenue,95207,37.9798869,-121.3128577
36,San Mateo County Chapter Competition ,https://www.mathcounts.org/san-mateo-county-chapter-competition,CA,02/09/2020,Chapter,San Mateo,Bayside Academy,2025 Kehoe Avenue,94403,37.5663263,-122.2948882
37,Santa Barbara/ Ventura Chapter 34  ,https://www.mathcounts.org/santa-barbara-ventura-chapter-34,CA,02/29/2020,Chapter,Oak Park,Medea Creek Middle School,1002 Doubletree Road,93177,34.1834988,-118.7640954
38,South Bay/Santa Monica Chapter Competition (Day 1) ,https://www.mathcounts.org/south-baysanta-monica-chapter-competition-day-1,CA,02/21/2020,Chapter,Redondo Beach,"Northrop Grumman Aerospace Systems, Space Park Campus",1 Space Park Blvd.,90278,33.8919061,-118.3732839
39,South Bay/Santa Monica Chapter Competition (Day 2) ,https://www.mathcounts.org/south-baysanta-monica-chapter-competition-day-2,CA,02/22/2020,Chapter,Redondo Beach,"Northrop Grumman Aerospace Systems, Space Park Campus",1 Space Park Blvd.,90278,33.8919061,-118.3732839
40,South Santa Clara Valley Chapter Competition ,https://www.mathcounts.org/south-santa-clara-valley-chapter-competition-1,CA,02/08/2020,Chapter,Saratoga,"Saratoga High School, McAfee Performing Arts and Lecture Center",20300 Herriman Ave,95070,37.2670056,-122.0312917
41,South Santa Clara Valley Chapter Competition ,https://www.mathcounts.org/south-santa-clara-valley-chapter-competition,CA,02/08/2020,Chapter,Saratoga,Saratoga High School,McAfee Auditorium,,37.2670056,-122.0312917
42,Boulder Chapter Competition ,https://www.mathcounts.org/boulder-chapter-competition,CO,02/08/2020,Chapter,Longmont,Seagate Technology,389 Disc Drive,80503,40.1542234,-105.1734628
43,Jefferson Chapter Competition ,https://www.mathcounts.org/jefferson-chapter-competition,CO,02/14/2019,Chapter,Golden,Colorado School of Mines Green Center,924 16th Street,80401,39.7510475,-105.2225708
44,Metro Denver Chapter Competition  ,https://www.mathcounts.org/metro-denver-chapter-competition,CO,02/01/2020,Chapter,Denver,University of Denver - Sturm Hall,2000 E Asbury Avenue,80210,39.67985669999999,-104.9633085
45,North Metro Districts Chapter Competition ,https://www.mathcounts.org/north-metro-districts-chapter-competition,CO,02/22/2020,Chapter,Thornton,Rocky Top MS,14150 York Street,80602,39.95159530000001,-104.9578235
46,Northern Colorado Chapter Competition ,https://www.mathcounts.org/northern-colorado-chapter-competition,CO,02/22/2020,Chapter,Greeley,University of Northern Colorado - McKee Building,1100 21st Street,80631,40.4032798,-104.7002313
47,Pikes Peak Chapter Competition ,https://www.mathcounts.org/pikes-peak-chapter-competition,CO,02/08/2020,Chapter,Colorado Springs,Challenger Middle School,10215 Lexington Drive,80903,38.9786091,-104.7744075
48,Southern Colorado Chapter Competition ,https://www.mathcounts.org/southern-colorado-chapter-competition,CO,02/22/2020,Chapter,Pueblo,Colorado State University-Pueblo,Ochiatto Student Center,,38.308496,-104.575916
49,Ute/Western Slope Chapter Competition ,https://www.mathcounts.org/utewestern-slope-chapter-competition,CO,02/22/2020,Chapter,Grand Junction,Holy Family Catholic School,786 26 1/2 Road,,39.1190129,-108.5614951
50,Eastern CT Chapter Competition ,https://www.mathcounts.org/eastern-ct-chapter-competition,CT,02/01/2020,Chapter,New London,U.S. Coast Guard Academy,,,41.3722988,-72.1008432
51,Hartford Chapter Competition ,https://www.mathcounts.org/hartford-chapter-competition,CT,02/01/2020,Chapter,West Hartford,University of Hartford,,,41.7984508,-72.7137664
52,New Haven Chapter Competition ,https://www.mathcounts.org/new-haven-chapter-competition,CT,02/01/2020,Chapter,New Haven,"Yale University, Davies Auditorium, Becton Center",15 Propect Street,06511,41.3125849,-72.92497039999999
53,Northwestern CT Chapter Competition ,https://www.mathcounts.org/northwestern-ct-chapter-competition,CT,02/01/2020,Chapter,Waterbury,Naugatuck Valley Community College,,,41.5498286,-73.0729008
54,Southwestern CT Chapter Competition ,https://www.mathcounts.org/southwestern-ct-chapter-competition,CT,02/01/2020,Chapter,Fairfield,Fairfield University,,,41.1588424,-73.2573886
55,District of Columbia Chapter Competition ,https://www.mathcounts.org/district-columbia-chapter-competition,DC,02/08/2020,Chapter,Washington,St. Anselm's Abbey School,,,38.9474709,-76.9840627
56,Big Bend Chapter Competition ,https://www.mathcounts.org/big-bend-chapter-competition-1,FL,02/08/2019,Chapter,Tallahassee,FAMU Grand Ballroom,"925 S Martin Luther King, Jr. Blvd",32307,30.4242256,-84.2858758
57,Broward Chapter Competition ,https://www.mathcounts.org/broward-chapter-competition,FL,02/08/2020,Chapter,Fort Lauderdale,Nova Southeastern University,Terry Administration Bldg.,,26.0812784,-80.2500125
58,Calusa Chapter Competition ,https://www.mathcounts.org/calusa-chapter-competition-0,FL,02/22/2020,Chapter,Fort Myers,Dunbar High School,3800 Edison Ave,33916,26.633042,-81.8343419
59,Central Florida Chapter Competition ,https://www.mathcounts.org/central-florida-chapter-competition,FL,02/29/2020,Chapter,Longwood,Lyman High School,865 S Ronald Reagan Blvd,32750,28.6871804,-81.3441526
60,Daytona Beach Chapter Competition ,https://www.mathcounts.org/daytona-beach-chapter-competition,FL,02/08/2020,Chapter,Ormond Beach,Ormond Beach Middle School,TBD,TBD,29.3084776,-81.07099439999999
61,Emerald Coast Chapter Competition ,https://www.mathcounts.org/emerald-coast-chapter-competition,FL,02/01/2020,Chapter,Valparaiso,Okaloosa STEM Academy,379 Edge Avenue,32580,30.5123126,-86.502158
62,Forest Chapter Competition ,https://www.mathcounts.org/forest-chapter-competition-0,FL,02/15/2019,Chapter,Ocala,Forest High School,,,29.1428492,-82.06746869999999
63,Gulf Coast Chapter Competition ,https://www.mathcounts.org/gulf-coast-chapter-competition,FL,02/21/2020,Chapter,Panama City,FSU-PC,,,30.1895048,-85.7231935
64,Indian River Chapter Competition ,https://www.mathcounts.org/indian-river-chapter-competition,FL,02/01/2020,Chapter,Viera,Brevard Public Schools,2700 Judge Fran Jamieson Way,32940,28.2482153,-80.7365993
65,Miami Chapter Competition ,https://www.mathcounts.org/miami-chapter-competition,FL,02/01/2020,Chapter,Miami,Miami Dade College Kendall Campus Gym,11011 SW 104 St.,33176,25.6755001,-80.3743171
66,Myakka Chapter Competition ,https://www.mathcounts.org/myakka-chapter-competition,FL,02/07/2020,Chapter,Bradenton,St. Stephen's Episcopal School,315 41st St W,34209,27.4972695,-82.6016133
67,North Central Florida Chapter Competition ,https://www.mathcounts.org/north-central-florida-chapter-competition,FL,02/14/2020,Chapter,Gainesville,Stephen C. O'Connell Center - Exactech Arena,250 Gale Lemerand Drive,32611,29.64939,-82.3511547
68,Northeast Florida Chapter Competition ,https://www.mathcounts.org/northeast-florida-chapter-competition,FL,02/28/2020,Chapter,Jacksonville,UNF,University Center,,30.2604507,-81.5020171
69,Northwest Florida Chapter Competition ,https://www.mathcounts.org/northwest-florida-chapter-competition,FL,02/15/2020,Chapter,Pensacola,downtown library,238 N Spring St,32502,,
70,Palm Beach Chapter Competition ,https://www.mathcounts.org/palm-beach-chapter-competition-0,FL,02/09/2020,Chapter,Gulf Stream,Gulf Stream School,3600 Gulf Stream Road,33483,26.4984572,-80.0538416
71,Pinellas Chapter Competition ,https://www.mathcounts.org/pinellas-chapter-competition-0,FL,02/15/2020,Chapter,St Petersburg,University of South Florida St Petersburg (USFSP),200 6th Ave S,33701,27.763435,-82.6352615
72,Ridge Chapter Competition ,https://www.mathcounts.org/ridge-chapter-competition,FL,02/01/2020,Chapter,Lakeland,Tenoroc High School,4905 Saddle Creek Road,33801,28.071799,-81.859411
73,Tampa Chapter Competition ,https://www.mathcounts.org/tampa-chapter-competition,FL,02/21/2020,Chapter,Tampa,Bryan Glazer Family JCC,522 N Howard Avenue,33606,27.9489052,-82.4838274
74,Treasure Coast Chapter Competition ,https://www.mathcounts.org/treasure-coast-chapter-competition,FL,02/07/2020,Chapter,Fort Pierce,Indian River State College - Main Campus,3209 Virginia Avenue,34981,27.4232794,-80.3578844
75,Albany Chapter Competition ,https://www.mathcounts.org/albany-chapter-competition,GA,02/08/2020,Chapter,Albany,Albany State University - West,2400 Gillionville Rd.,31707,31.5840051,-84.211027
76,Augusta Chapter Competition ,https://www.mathcounts.org/augusta-chapter-competition,GA,02/22/2020,Chapter,Augusta,Augusta University Allgood Hall,2500 Walton Way,30904,33.475112,-82.0240171
77,Capital Chapter Competition ,https://www.mathcounts.org/capital-chapter-competition-1,GA,02/08/2020,Chapter,Peachtree Corners,Christ the King Lutheran Church,5575 Peachtree Pkwy,30092,33.967511,-84.22349
78,Cobb Chapter Competition ,https://www.mathcounts.org/cobb-chapter-competition,GA,02/08/2020,Chapter,Marietta,Marietta High School,1171 Whitlock Avenue SW,30064,33.9484118,-84.58585409999999
79,Columbus Chapter Competition ,https://www.mathcounts.org/columbus-chapter-competition,GA,02/22/2020,Chapter,Columbus,Columbus Technical College,928 Manchester Expressway,31904,32.5081062,-84.978495
80,Northeast Georgia Chapter Competition ,https://www.mathcounts.org/northeast-georgia-chapter-competition,GA,02/08/2020,Chapter,Cumming,Alliance Academy for Innovation,1100 Lanier 400 Parkway,30040,34.2187247,-84.115684
81,Northwest Georgia Chapter Competition ,https://www.mathcounts.org/northwest-georgia-chapter-competition,GA,02/28/2020,Chapter,Rome,Georgia Power Company,224 Holmes Road,30161,34.2534687,-85.3509004
82,Piedmont Chapter Competition ,https://www.mathcounts.org/piedmont-chapter-competition-0,GA,02/08/2020,Chapter,Peachtree Corners,Christ the King Lutheran Church,5575 Peachtree Pkwy,30092,33.967511,-84.22349
83,Savannah Chapter Competition ,https://www.mathcounts.org/savannah-chapter-competition,GA,02/27/2020,Chapter,Savannah,Savannah Country Day School,824 Stillwood Drive,31419,31.968742,-81.140694
84,Southeast Perimeter Chapter Competition ,https://www.mathcounts.org/southeast-perimeter-chapter-competition,GA,02/08/2020,Chapter,Peachtree Corners,Christ the King Lutheran Church,5575 Peachtree Pkwy,30092,33.967511,-84.22349
85,Valdosta Chapter Competition ,https://www.mathcounts.org/valdosta-chapter-competition,GA,02/19/2020,Chapter,Valdosta,Mathis City Auditorium,2300 North Ashley St.,31601,30.8610701,-83.2836167
86,West Georgia Chapter Competition ,https://www.mathcounts.org/west-georgia-chapter-competition,GA,02/07/2020,Chapter,Carrollton,University of West Georgia Education Building,1601 Maple St,30118,33.571198,-85.10330259999999
87,Guam Chapter Competition ,https://www.mathcounts.org/guam-chapter-competition,GU,02/15/2020,Chapter,Tumon,"Pacific Star Resort & Spa, Chamorro Ballroom",627 Pale San Vitores Road,96913,,
88,Big Island Chapter Competition ,https://www.mathcounts.org/big-island-chapter-competition,HI,02/15/2020,Chapter,Hilo,"Okahara and Associates, Inc.",200 Kohola St.,96720,19.7098938,-155.0752744
89,Honolulu Chapter Competition ,https://www.mathcounts.org/honolulu-chapter-competition,HI,02/08/2020,Chapter,Honolulu,Kamehameha Schools Kalama Dining Hall,,,21.3396842,-157.8661535
90,Maui Chapter Competition ,https://www.mathcounts.org/maui-chapter-competition,HI,02/08/2020,Chapter,Kahului,Maui Waena Intermediate School,795 Onehee Avenue,96732,20.8740466,-156.4848131
91,Blackhawk Chapter Competition ,https://www.mathcounts.org/blackhawk-chapter-competition,IA,02/01/2020,Chapter,Bettendorf,Bettendorf Middle School,2030 Middle Rd.,,41.5472301,-90.50377999999999
92,Blackhawk Chapter Competition ,https://www.mathcounts.org/blackhawk-chapter-competition-0,IA,02/01/2020,Chapter,Bettendorf,Bettendorf Middle School,2030 Middle Rd.,52722,41.5472301,-90.50377999999999
93,Cedar Rapids Chapter Competition ,https://www.mathcounts.org/cedar-rapids-chapter-competition,IA,02/01/2020,Chapter,Cedar Rapids,Prairie Creek Intermediate School,401 76th Avenue,52404,41.9011338,-91.6681851
94,Central Iowa Chapter Competition ,https://www.mathcounts.org/central-iowa-chapter-competition,IA,02/11/2020,Chapter,Ankeny,DMACC FFA Enrichment Center,1055 SW Prairie Trail Parkway,50023,41.7116262,-93.6125713
95,Dubuque Chapter Competition ,https://www.mathcounts.org/dubuque-chapter-competition-0,IA,02/08/2020,Chapter,Dubuque,George Washington Middle School,51 N. Grandview Avenue,52001,42.4925939,-90.6875682
96,Grenville M. Dodge Chapter Competition ,https://www.mathcounts.org/grenville-m-dodge-chapter-competition-0,IA,02/11/2020,Chapter,Council Bluffs,Boys & Girls Club Council Bluffs,815 N. 16th Street,51501,41.2695283,-95.8664211
97,Muscatine Chapter Competition ,https://www.mathcounts.org/muscatine-chapter-competition,IA,02/24/2020,Chapter,Muscatine,Stanley Consultants,225 Iowa Avenue,52761,41.4220858,-91.04592249999999
98,North Iowa Chapter  ,https://www.mathcounts.org/north-iowa-chapter,IA,02/01/2020,Chapter,"Mason City, Iowa",North Iowa Area Community College,500 College Drive,50401,43.156929,-93.13282079999999
99,Northeast Iowa Chapter Competition ,https://www.mathcounts.org/northeast-iowa-chapter-competition,IA,02/06/2020,Chapter,Waterloo,"Hawkeye Community College, Tama Hall",1501 E. Orange Road,50701,42.43108549999999,-92.32945699999999
100,Southeast Iowa Chapter Competition ,https://www.mathcounts.org/southeast-iowa-chapter-competition,IA,02/07/2020,Chapter,Oskaloosa,William Penn University,201 Trueblood Avenue,52577,41.3087995,-92.64718599999999
101,Magic Valley Chapter Competition ,https://www.mathcounts.org/magic-valley-chapter-competition-0,ID,02/07/2020,Chapter,Twin Falls,College of Southern Idaho,315 Falls Avenue,83301,42.5812797,-114.4745021
102,North/Coeur DAlene Chapter Competition ,https://www.mathcounts.org/northcoeur-dalene-chapter-competition,ID,02/19/2020,Chapter,Coeur d'Alene,NIC Student Union Bldg.,1000 W. Garden Avenue,83814,47.6770179,-116.798432
103,North/Lewiston Chapter Competition ,https://www.mathcounts.org/northlewiston-chapter-competition,ID,02/07/2020,Chapter,Lewiston,Edge Student Ministries,818 18th Ave,83501,46.401796,-117.0205831
104,Southeast Idaho Chapter Competition ,https://www.mathcounts.org/southeast-idaho-chapter-competition,ID,02/08/2020,Chapter,Pocatello,Idaho State University SUB,921 S 8th Ave,83209,42.8627836,-112.429762
105,Southwest Idaho Chapter Competition ,https://www.mathcounts.org/southwest-idaho-chapter-competition,ID,02/08/2020,Chapter,Boise,Boise State University,,,43.6028311,-116.201767
106,Ambraw Chapter Competition ,https://www.mathcounts.org/ambraw-chapter-competition,IL,02/04/2020,Chapter,Salem,Salem Bryan Bennett Library,315 S. Maple St.,62281,38.6251379,-88.9478602
107,Bloomington Chapter Competition ,https://www.mathcounts.org/bloomington-chapter-competition,IL,02/08/2019,Chapter,Normal,Ciddix Jr. High,300 South Walnut,61761,40.5082011,-88.9792173
108,Capital Chapter Competition ,https://www.mathcounts.org/capital-chapter-competition,IL,02/08/2020,Chapter,Springfield,Lincoln Land Community College - Trutter Center,5250 Shepherd Rd,62711,39.721199,-89.60927869999999
109,Central Illinois Chapter Competition ,https://www.mathcounts.org/central-illinois-chapter-competition,IL,02/08/2020,Chapter,Decatur,Millikin University,"Dept. of Mathematics, 1184 W. Main St.",62522,39.84307769999999,-88.97489399999999
110,Champaign County Chapter Competition ,https://www.mathcounts.org/champaign-county-chapter-competition,IL,02/08/2020,Chapter,Urbana,University of Illinois,Loomis Lab,61822,40.110911,-88.2233559
111,Chicago Chapter Competition ,https://www.mathcounts.org/chicago-chapter-competition,IL,02/22/2020,Chapter,Chicago,Kenwood Academy High School,5015 S. Blackstone Avenue,60615,41.8033307,-87.5894153
112,DuKane Chapter Competition ,https://www.mathcounts.org/dukane-chapter-competition,IL,02/01/2020,Chapter,Sugar Grove,Waubonsee Community College - Academic and Professional Center,Route 47 at Waubonsee Drive,60554,41.7993454,-88.459052
113,Egyptian Chapter Competition ,https://www.mathcounts.org/egyptian-chapter-competition-0,IL,02/15/2020,Chapter,Carbondale,A-111 of the SIUC Engineering Building,,62918,37.7079717,-89.2229983
114,Illinois Valley Chapter Competition ,https://www.mathcounts.org/illinois-valley-chapter-competition,IL,02/29/2020,Chapter,Oglesby,Illinois Valley Community College,,,41.3073747,-89.1006874
115,Kankakee Chapter Competition ,https://www.mathcounts.org/kankakee-chapter-competition,IL,02/01/2020,Chapter,Bourbonnais,Olivet Nazarene University,1 University Avenue,60914,41.1549071,-87.8723694
116,Lake County Chapter Competition ,https://www.mathcounts.org/lake-county-chapter-competition,IL,02/22/2020,Chapter,Grayslake,College of Lake County,19351 W Washington St,60030,42.3542742,-88.01216250000002
117,North Suburban Chapter Competition ,https://www.mathcounts.org/north-suburban-chapter-competition,IL,02/01/2020,Chapter,Des Plaines,Oakton Community College,1600 East Golf Rd,60016,42.0629011,-87.88063269999999
118,Peoria Chapter Competition  ,https://www.mathcounts.org/peoria-chapter-competition,IL,02/22/2020,Chapter,Peoria,Bradley Hall on campus of Bradley University,814 N. Tobias,61625,40.6977743,-89.6153484
119,Rock River Chapter Competition ,https://www.mathcounts.org/rock-river-chapter-competition,IL,02/08/2020,Chapter,Dixon,Sauk Valley Community College,173 IL-2,61021,41.8196091,-89.59782799999999
120,Rockford Chapter Competition ,https://www.mathcounts.org/rockford-chapter-competition-0,IL,02/01/2020,Chapter,Rockford,NIU Rockford Campus,8500 E. State St.,,42.27392700000001,-88.94936799999999
121,Salt Creek Chapter Competition ,https://www.mathcounts.org/salt-creek-chapter-competition,IL,02/08/2020,Chapter,Naperville,BP Campus,150 W Warrenville Rd,60563,41.8116947,-88.1515919
122,St. Clair Chapter Competition ,https://www.mathcounts.org/st-clair-chapter-competition-0,IL,02/01/2020,Chapter,Edwardsville,Southern Illinois University Edwardsville,6 Hairpin Drive,62026,38.7933135,-89.99602569999999
123,Western Illinois Chapter Competition ,https://www.mathcounts.org/western-illinois-chapter-competition,IL,02/15/2020,Chapter,Quincy,Klingner & Assoc.,616 N. 24th St.,62301,39.938546,-91.377194
124,AA Potter Chapter Competition ,https://www.mathcounts.org/aa-potter-chapter-competition,IN,02/15/2020,Chapter,West Lafayette,Purdue University,,,40.4237054,-86.92119459999999
125,Anthony Wayne Chapter Competition ,https://www.mathcounts.org/anthony-wayne-chapter-competition,IN,02/08/2020,Chapter,Fort Wayne,PFW Walb Union Ballroom,2101 E. Coliseum Blvd.,46805,41.1180021,-85.10813999999999
126,Calumet Chapter MATHCOUNTS Competition ,https://www.mathcounts.org/calumet-chapter-mathcounts-competition,IN,02/05/2020,Chapter,Valparaiso,Valparaiso University - Harre Union,1509 Chapel Drive,46383,41.4641601,-87.04228309999999
127,Central IN Chapter Competition ,https://www.mathcounts.org/central-chapter-competition-1,IN,02/19/2020,Chapter,Indianapolis,Sycamore School,1750 W 64th St,46260,39.8725577,-86.1908265
128,Francis Vigo Chapter Competition ,https://www.mathcounts.org/francis-vigo-chapter-competition,IN,02/15/2020,Chapter,Terre Haute,Rose-Hulman Institute of Technology,5500 Wabash Ave,47803,39.4828386,-87.3240403
129,George Rogers Clark Chapter Competition ,https://www.mathcounts.org/george-rogers-clark-chapter-competition,IN,02/08/2020,Chapter,Salem,Salem Middle School,,,,
130,James B Eads Chapter Competition ,https://www.mathcounts.org/james-b-eads-chapter-competition,IN,02/22/2020,Chapter,Seymour,Seymour Middle School,920 N O'Brien St.,47274,38.9676933,-85.877247
131,MathCounts ,https://www.mathcounts.org/mathcounts,IN,02/08/2019,Chapter,Salem,Edge Student Ministries,818 18th Ave,83501,,
132,Southwestern IN Chapter Competition ,https://www.mathcounts.org/southwestern-chapter-competition,IN,02/29/2020,Chapter,Newburgh,Castle North Middle School,,,37.993756,-87.377473
133,St. Joseph Valley Chapter Competition ,https://www.mathcounts.org/st-joseph-valley-chapter-competition,IN,02/08/2020,Chapter,Notre Dame,Carey Auditorium at the Hesburgh Library,284 Hesburgh Library,46556,41.70224169999999,-86.23415639999999
134,Delta Chapter Competition ,https://www.mathcounts.org/delta-chapter-competition,IN,,Chapter,TBD,The University of Mississippi - Lamar Hall,Center for Mathematics and Science Education,38655,,
135,Eastern Chapter Competition ,https://www.mathcounts.org/eastern-chapter-competition,KS,02/04/2020,Chapter,Overland Park,Jewish Community Center of Kansas City,5801 W 115th Street,66211,38.9189183,-94.6527131
136,Smoky Valley Chapter Competition ,https://www.mathcounts.org/smoky-valley-chapter-competition,KS,02/08/2020,Chapter,Salina,Kansas State Polytechnic,2310 Centennial Road,67401,38.8001956,-97.6363824
137,Southeast KS Chapter Competition ,https://www.mathcounts.org/southeast-ks-chapter-competition,KS,02/01/2020,Chapter,Pittsburg,Pittsburg State University,"Kansas Tech. Ctr., 1701 S. Broadway",66762,37.390275,-94.6881741
138,Topeka Chapter Competition ,https://www.mathcounts.org/topeka-chapter-competition,KS,02/01/2020,Chapter,Topeka,Washburn University,"Henderson Learning Resource Ctr., Room 100, 1700 SW College Avenue",66621,39.0334661,-95.70195369999999
139,Wichita Chapter Competition ,https://www.mathcounts.org/wichita-chapter-competition,KS,02/01/2020,Chapter,Wichita,Wichita Collegiate School,9115 E 13th Street N,67206,37.7070708,-97.2315144
140,Ashland Chapter Competition ,https://www.mathcounts.org/ashland-chapter-competition,KY,02/15/2020,Chapter,Grayson,ACTC Technology Drive Campus at EastPark,902 Technology Drive,41143,38.4691674,-82.6505189
141,Big Sandy Chapter Competition ,https://www.mathcounts.org/big-sandy-chapter-competition,KY,02/15/2020,Chapter,Prestonsburg,Big Sandy Community and Technical College - Student Center,1 Bert T. Combs Drive,41653,37.688163,-82.778796
142,Bluegrass Chapter Competition ,https://www.mathcounts.org/bluegrass-chapter-competition,KY,02/15/2020,Chapter,Lexington,University of Kentucky,Gatton Student Center,,38.0400126,-84.5032837
143,Capital Chapter Competition ,https://www.mathcounts.org/capital-chapter-competition-0,KY,02/15/2020,Chapter,Frankfort,Good Shepherd School,75 Shepherd Way,40601,38.18946589999999,-84.8155769
144,Green River Chapter Competition ,https://www.mathcounts.org/green-river-chapter-competition,KY,02/15/2020,Chapter,Owensboro,Kentucky Wesleyan College,"Rogers Hall, 3000 Frederica St.",42301,37.7435478,-87.1201839
145,Kentucky Lake Chapter Competition ,https://www.mathcounts.org/kentucky-lake-chapter-competition,KY,02/15/2020,Chapter,Paducah,West Kentucky Community & Technical College Campus,Rosenthal Hall,,37.054032,-88.6587828
146,Kentucky River Chapter Competition ,https://www.mathcounts.org/kentucky-river-chapter-competition,KY,02/15/2020,Chapter,Hazard,Hazard Community and Technical College,1 Community College Dr,41701,37.2347925,-83.17575699999999
147,Louisville Chapter Competition ,https://www.mathcounts.org/louisville-chapter-competition,KY,02/15/2020,Chapter,Louisville,University of Louisville,,,38.2122761,-85.75850229999999
148,Mammoth Cave Chapter Competition ,https://www.mathcounts.org/mammoth-cave-chapter-competition,KY,02/15/2020,Chapter,Bowling Green,Snell Hall @ WKU Main Campus,1421 Chestnut St,KY,36.983537,-86.4573752
149,My Old Kentucky Home Chapter Competition ,https://www.mathcounts.org/my-old-kentucky-home-chapter-competition-0,KY,02/15/2020,Chapter,Elizabethtown,Elizabethtown Community and Technical College,600 College Street Road,42701,37.6932206,-85.8806041
150,Northern Kentucky Chapter Competition ,https://www.mathcounts.org/northern-kentucky-chapter-competition,KY,02/15/2020,Chapter,Highland Heights,Northern Kentucky University,Campus Drive,41076,39.0319664,-84.4645836
151,Pine Mountain Chapter Competition ,https://www.mathcounts.org/pine-mountain-chapter-competition,KY,02/15/2020,Chapter,Middlesboro,Southeast Community and Tech College (Middlesboro),,,36.612205,-83.735691
152,Alexandria Chapter Competition ,https://www.mathcounts.org/alexandria-chapter-competition,LA,02/01/2020,Chapter,Ball,Tioga Junior High School,1150 Tioga Road,71405,31.3870542,-92.42551069999999
153,Baton Rouge Chapter Competition ,https://www.mathcounts.org/baton-rouge-chapter-competition,LA,02/07/2020,Chapter,Baton Rouge,Transportation Training and Education Center,"4099 Gourrier Avenue, LSU Campus",70808,30.4043002,-91.1792938
154,Bayou Chapter Competition ,https://www.mathcounts.org/bayou-chapter-competition,LA,02/01/2020,Chapter,New Orleans,University of New Orleans,Engineering Building,,30.0248841,-90.06847239999999
155,Lafayette Chapter Competition ,https://www.mathcounts.org/lafayette-chapter-competition,LA,02/07/2020,Chapter,Lafayette,University of Louisiana,ULL Rougeon Hall,70504,30.2114404,-92.0204121
156,Lake Charles Chapter Competition ,https://www.mathcounts.org/lake-charles-chapter-competition-0,LA,02/15/2020,Chapter,Lake Charles,McNeese State University- Farrar Hall,4205 Ryan Street,,30.1788135,-93.21685680000002
157,Monroe Chapter Competition ,https://www.mathcounts.org/monroe-chapter-competition,LA,02/22/2020,Chapter,Monroe,Ouachita Parish Junior High School,TBD,TBD,32.520708,-92.05470679999999
158,New Orleans Chapter Competition ,https://www.mathcounts.org/new-orleans-chapter-competition,LA,02/01/2020,Chapter,New Orleans,University of New Orleans,Engineering Building,,30.0248841,-90.06847239999999
159,Shreveport Chapter Competition ,https://www.mathcounts.org/shreveport-chapter-competition,LA,02/01/2020,Chapter,Shreveport,Louisiana Tech Shreveport Center,8028 Shreve Park Dr.,71129,32.423322,-93.8379945
160,Central MA Chapter Competition ,https://www.mathcounts.org/central-ma-chapter-competition,MA,02/05/2020,Chapter,Shrewsbury,Oak Middle School,,,,
161,Connecticut Valley Chapter Competition ,https://www.mathcounts.org/connecticut-valley-chapter-competition,MA,02/01/2020,Chapter,Deerfield,Deerfield Academy,,,42.546129,-72.6076286
162,Metronorth Chapter Competition ,https://www.mathcounts.org/metronorth-chapter-competition,MA,02/08/2020,Chapter,Melrose,Melrose Veterans Middle School,,,42.4642703,-71.0665611
163,Metrosouth Chapter Competition ,https://www.mathcounts.org/metrosouth-chapter-competition,MA,02/08/2020,Chapter,Foxboro,The Sage School,,,42.08142,-71.23015819999999
164,Metrowest Chapter Competition ,https://www.mathcounts.org/metrowest-chapter-competition,MA,02/01/2020,Chapter,Weston,Meadowbrook School,10 Farm Road,02493,42.354112,-71.272057
165,Northeast MA Chapter Competition ,https://www.mathcounts.org/northeast-ma-chapter-competition,MA,02/11/2020,Chapter,North Andover,North Andover High School,,,42.7005569,-71.11654159999999
166,Southeast MA Chapter Competition ,https://www.mathcounts.org/southeast-ma-chapter-competition,MA,02/06/2020,Chapter,New Bedford,Normandin Middle School,,,41.6812873,-70.9288375
167,Annapolis Chapter Competition ,https://www.mathcounts.org/annapolis-chapter-competition-0,MD,02/22/2020,Chapter,Hanover,Chesapeake Science Point Charter School,7321 Parkway Drive South,21076,39.1679154,-76.734644
168,Annapolis Chapter Competition ,https://www.mathcounts.org/annapolis-chapter-competition,MD,02/22/2020,Chapter,Arnold,Anne Arundel Community College,101 College Parkway,21012,39.0498687,-76.5135634
169,Baltimore/Chesapeake Chapter Competition ,https://www.mathcounts.org/baltimorechesapeake-chapter-competition,MD,02/01/2020,Chapter,Owings Mills,McDonogh School,8600 McDonogh Road,21117,39.3947444,-76.77667249999999
170,Frederick Chapter Competition ,https://www.mathcounts.org/frederick-chapter-competition,MD,02/08/2020,Chapter,Frederick,Governor Thomas Johnson Middle School,1799 Schifferstadt Blvd.,21701,39.4371705,-77.3981805
171,Hagerstown Chapter Competition ,https://www.mathcounts.org/hagerstown-chapter-competition,MD,02/29/2020,Chapter,Hagerstown,Washington County Technical High School,50 West Oak Ridge Drive,21740,39.6146119,-77.7358615
172,Potomac Chapter Competition ,https://www.mathcounts.org/potomac-chapter-competition,MD,02/08/2020,Chapter,College Park,University of Maryland College Park,,,38.9869183,-76.9425543
173,Southern Maryland Chapter Competition ,https://www.mathcounts.org/southern-maryland-chapter-competition,MD,02/01/2020,Chapter,Prince Frederick,Calvert Middle School,655 Chesapeake Blvd.,20678,38.5566419,-76.5880857
174,Alpha Chapter Competition ,https://www.mathcounts.org/alpha-chapter-competition,ME,01/25/2020,Chapter,Fairfield,Kennebec Valley Community College,"Carter Hall, Western Avenue",04937,44.5939923,-69.61090829999999
175,Eastern Chapter Competition ,https://www.mathcounts.org/eastern-chapter-competition-1,ME,01/25/2020,Chapter,Hampden,Reeds Brook Middle School,28a Main Road South,04444,44.73894720000001,-68.8430348
176,Western Maine Mathcounts ,https://www.mathcounts.org/western-maine-mathcounts,ME,01/25/2019,Chapter,Gorham,USM John Mitchell Center,43 Campus Ave.,04038,43.6819712,-70.451071
177,Ann Arbor Chapter ,https://www.mathcounts.org/ann-arbor-chapter,MI,02/18/2020,Chapter,Ann Arbor,WEBERâ€™S BOUTIQUE HOTEL,3050 Jackson Road,48103,42.2845799,-83.7920991
178,Big Rapids Chapter Competition ,https://www.mathcounts.org/big-rapids-chapter-competition,MI,02/07/2020,Chapter,Big Rapids,Instructional Resource Center,1301 South State St.,49307,,
179,Blue Water Chapter Competition ,https://www.mathcounts.org/blue-water-chapter-competition,MI,02/22/2020,Chapter,Port Huron,Central Middle School,200 32nd Street,48060,42.983158,-82.464533
180,Capital Area Chapter Competition ,https://www.mathcounts.org/capital-area-chapter-competition,MI,02/07/2020,Chapter,East Lansing,Michigan State University,,,42.701848,-84.4821719
181,Detroit Metro Chapter Competition ,https://www.mathcounts.org/detroit-metro-chapter-competition,MI,02/15/2020,Chapter,Dearborn,University of Michigan,19000 Hubbard Drive,48126,42.322402,-83.223891
182,Douglass Houghton Chapter Competition ,https://www.mathcounts.org/douglass-houghton-chapter-competition,MI,02/11/2020,Chapter,Kingsford,Kingsford Middle School,445 Hamilton Avenue,49802,45.8037966,-88.0737324
183,Great Lakes Bay Region Chapter Competition ,https://www.mathcounts.org/great-lakes-bay-region-chapter-competition,MI,02/29/2020,Chapter,University Center,Saginaw Valley State University,7400 Bay Road,48710,43.5136553,-83.96474289999999
184,Jackson Chapter Competition ,https://www.mathcounts.org/jackson-chapter-competition,MI,02/07/2020,Chapter,Jackson,Jackson College Bert Walker Hall,2111 Emmons Rd.,49201,42.1650404,-84.4053854
185,Monroe County Chapter Competition ,https://www.mathcounts.org/monroe-county-chapter-competition,MI,02/21/2020,Chapter,Monroe,Monroe County Intermediate School District,1101 South Raisinville Road,48161,41.923927,-83.467023
186,Muskegon Chapter Competition ,https://www.mathcounts.org/muskegon-chapter-competition,MI,02/21/2020,Chapter,Muskegon,Muskegon Community College,221 Quarterline Rd,49442,43.24964809999999,-86.1963909
187,Northern Chapter Competition ,https://www.mathcounts.org/northern-chapter-competition,MI,02/08/2020,Chapter,Traverse City,Northwestern Michigan College,"James Beckett Bldg., 1890 College Drive",,44.7653751,-85.5858701
188,Oakland Chapter ,https://www.mathcounts.org/oakland-chapter,MI,02/29/2020,Chapter,Rochester,"Oakland University, Engineering Center",115 Library Drive,48309,42.6715708,-83.2149654
189,Southeastern MI Chapter Competition ,https://www.mathcounts.org/southeastern-mi-chapter-competition,MI,02/05/2020,Chapter,Woodhaven,Woodhaven Community Center,23101 Hall Road,48183,42.1362243,-83.2455232
190,Southwest MI Chapter Competition ,https://www.mathcounts.org/southwest-mi-chapter-competition,MI,02/28/2020,Chapter,Kalamazoo,WMU Bernhard Center,1903 W Michigan Ave,49008,42.2850596,-85.6121658
191,Western Michigan Chapter Competition ,https://www.mathcounts.org/western-michigan-chapter-competition,MI,02/07/2020,Chapter,Grand Rapids,GVSU Seymour and Esther Padnos College of Engineering and Computing,"310 West Fulton Kennedy Hall of Engineering, Grand Rapids, MI 49504",49504,42.9635316,-85.6774947
192,Woodbridge N. Ferris/Big Rapids MATHCOUNTS Competition ,https://www.mathcounts.org/woodbridge-n-ferrisbig-rapids-mathcounts-competition,MI,02/07/2020,Chapter,"Big Rapids, MI",Ferris State University,"Interdisciplinary Resource Center (IRC), 1301 South State Street",49307,43.6840501,-85.48269429999999
193,Arrowhead Chapter Competition ,https://www.mathcounts.org/arrowhead-chapter-competition,MN,02/04/2020,Chapter,Duluth,University of Minnesota-Duluth,Kirby Ballroom,,46.8180798,-92.08537249999999
194,City of Lakes - North Chapter Competition ,https://www.mathcounts.org/city-lakes-north-chapter-competition,MN,02/01/2020,Chapter,Brooklyn Park,North Hennepin Community College,7411 85th Avenue North,55445,45.1054194,-93.3745617
195,City of Lakes Minneapolis Chapter Competition ,https://www.mathcounts.org/city-lakes-minneapolis-chapter-competition,MN,02/06/2020,Chapter,Minneapolis,University of Minnesota-TC,Coffman Union/Great Hall,,44.97308890000001,-93.2353746
196,City of Lakes South Chapter Competition ,https://www.mathcounts.org/city-lakes-south-chapter-competition,MN,02/08/2020,Chapter,Edina,Edina Public Works,,,44.8674588,-93.3548264
197,Height of Land Chapter Competition ,https://www.mathcounts.org/height-land-chapter-competition,MN,02/05/2020,Chapter,Moorhead,Minnesota State University Moorhead,,,46.8671458,-96.7610694
198,Lake Agassiz Chapter Competition ,https://www.mathcounts.org/lake-agassiz-chapter-competition,MN,02/07/2020,Chapter,Thief River Falls,Northland Community College,,,48.124919,-96.16252469999999
199,Lake Region Chapter Competition ,https://www.mathcounts.org/lake-region-chapter-competition,MN,02/11/2020,Chapter,St. Cloud,St. Cloud State University,,,45.55118640000001,-94.1515137
200,North Capitol Chapter Competition ,https://www.mathcounts.org/north-capitol-chapter-competition,MN,02/08/2020,Chapter,White Bear Lake,Century College,3300 Century Avenue N,55110,45.0415998,-92.982072
201,South Capitol Chapter Competition ,https://www.mathcounts.org/south-capitol-chapter-competition,MN,02/05/2020,Chapter,Inver Grove Heights,Inver Grove Community College,,,44.8281474,-93.0542162
202,Southeast Chapter Competition ,https://www.mathcounts.org/southeast-chapter-competition-1,MN,02/07/2020,Chapter,Rochester,Rochester Community & Technical College,,,44.0146222,-92.4233987
203,Southwest MN Chapter Competition ,https://www.mathcounts.org/southwest-mn-chapter-competition,MN,02/06/2020,Chapter,Marshall,Southwest Minnesota State University in Marshall,,,44.4561597,-95.75987699999999
204,Traverse des Sioux Chapter Competition ,https://www.mathcounts.org/traverse-des-sioux-chapter-competition,MN,02/10/2020,Chapter,Mankato,Minnesota State University - Mankato,"Centennial Student Union, 620 South Rd.",56001,44.1464996,-93.9999718
205,Central/Rolla Chapter Competition ,https://www.mathcounts.org/centralrolla-chapter-competition,MO,02/01/2020,Chapter,Columbia,University of Missouri - Columbia,,,38.9403808,-92.32773750000001
206,Jefferson City Chapter Competition ,https://www.mathcounts.org/jefferson-city-chapter-competition,MO,02/08/2019,Chapter,Jefferson City,Immaculate Conception School,1208 E McCarty St,65101,38.5645843,-92.15910699999999
207,Northwest MO Chapter Competition ,https://www.mathcounts.org/northwest-mo-chapter-competition,MO,02/01/2020,Chapter,Saint Joseph,Missouri Western State University,"Agenstein Hall, 4525 Downs Drive",64507,39.758246,-94.7851371
208,Ozark Chapter Competition ,https://www.mathcounts.org/ozark-chapter-competition,MO,02/01/2020,Chapter,Springfield,Drury University,900 N. Benton,65802,37.2199202,-93.2859409
209,Southeast MO Chapter ,https://www.mathcounts.org/southeast-mo-chapter,MO,02/14/2020,Chapter,Cape Girardeau,Cape Girardeau Public Library,711 N Clark St.,63703,37.314728,-89.548104
210,Southwest MO Chapter Competition ,https://www.mathcounts.org/southwest-mo-chapter-competition,MO,02/22/2020,Chapter,Joplin,Missouri Southern State University,Billingsly Student Center,,37.0962258,-94.46324229999999
211,St. Louis Chapter Competition ,https://www.mathcounts.org/st-louis-chapter-competition,MO,02/15/2020,Chapter,St. Louis,St. Louis Community College Florissant Valley Campus,3400 Pershall Rd.,63135,38.7685917,-90.28823229999999
212,Western Chapter Competition ,https://www.mathcounts.org/western-chapter-competition-0,MO,,Chapter,Kansas City,Burns & McDonnell,9400 Ward Parkway,64114,38.9577957,-94.5974612
213,Gulf Coast District Chapter Competition ,https://www.mathcounts.org/gulf-coast-district-chapter-competition-0,MS,02/21/2020,Chapter,Biloxi,William Carey University,Hwy 67,,30.5685885,-89.04355989999999
214,Jackson Chapter Competition ,https://www.mathcounts.org/jackson-chapter-competition-0,MS,02/15/2020,Chapter,Madison,Madison Middle School,1365 Mannsdale Rd.,39110,32.4783709,-90.16785039999999
215,MES Jackson Chapter ,https://www.mathcounts.org/mes-jackson-chapter,MS,02/15/2020,Chapter,Madisdon,Madison Middle School,1365 Mannsdale Road,39110,32.4783709,-90.16785039999999
216,Northeast MS Chapter Competition ,https://www.mathcounts.org/northeast-ms-chapter-competition,MS,02/22/2020,Chapter,Oxford,The University of Mississippi - Lamar Hall,Center for Mathematics and Science Education,38655,34.3709214,-89.54554089999999
217,Northwest MS Chapter Competition ,https://www.mathcounts.org/northwest-ms-chapter-competition,MS,02/22/2020,Chapter,Oxford,The University of Mississippi,The Center for Mathematics and Science Ed.,,34.3709214,-89.54554089999999
218,Southeast Area Chapter Competition ,https://www.mathcounts.org/southeast-area-chapter-competition,MS,02/21/2020,Chapter,Hattiesburg,Lowery A. Woodall Center,906 Sullivan Drive,39401,31.2618978,-89.2725608
219,Tombigbee Chapter Competition ,https://www.mathcounts.org/tombigbee-chapter-competition,MS,02/22/2020,Chapter,University,The University of Mississippi - Lamar Hall,The Center for Mathematics and Science Education,38677,34.36672,-89.53124509999999
220,Billings Chapter Competition ,https://www.mathcounts.org/billings-chapter-competition,MT,02/14/2020,Chapter,Billings,MSUB,1500 University Dr,59101,45.7966687,-108.5218151
221,Bozeman Chapter ,https://www.mathcounts.org/bozeman-chapter,MT,02/09/2021,Chapter,Bozeman,Norm Asbjornson Hall - Inspiration Hall,MSU Campus,59718,45.66485609999999,-111.0472846
222,Bozeman Chapter Competition ,https://www.mathcounts.org/bozeman-chapter-competition-0,MT,02/20/2020,Chapter,TBD,MSU Bozeman,Norm Asbjournson Hall,TBD,45.66485609999999,-111.0472846
223,Butte Chapter Competition ,https://www.mathcounts.org/butte-chapter-competition,MT,02/06/2020,Chapter,TBD,Montana Tech-Butte,TBD,TBD,46.0116149,-112.5569969
224,Eastern Chapter Competition ,https://www.mathcounts.org/eastern-chapter-competition-2,MT,02/11/2020,Chapter,TBD,Dawson Community College,TBD,TBD,47.0854045,-104.7239456
225,Kalispell Chapter Competition ,https://www.mathcounts.org/kalispell-chapter-competition,MT,02/20/2020,Chapter,Kalispell,Flathead Valley Community College,,,48.2284112,-114.3271821
226,North Central Chapter Competition ,https://www.mathcounts.org/north-central-chapter-competition,MT,02/04/2020,Chapter,Great Falls,Stephen C. O'Connell Center - Exactech Arena,250 Gale Lemerand Drive,32611,,
227,Western Chapter Competition ,https://www.mathcounts.org/western-chapter-competition-1,MT,02/11/2020,Chapter,TBD,University of Montana,TBD,TBD,46.8600672,-113.9852081
228,Asheville Chapter Competition ,https://www.mathcounts.org/asheville-chapter-competition,NC,02/01/2020,Chapter,Asheville,T.C. Roberson High School,250 Overlook Road,28803,35.487034,-82.5352348
229,Boone Chapter Competition ,https://www.mathcounts.org/boone-chapter-competition,NC,02/11/2020,Chapter,Boone,Appalachian State University,,,36.2135255,-81.6839919
230,Charlotte Chapter Competition ,https://www.mathcounts.org/charlotte-chapter-competition,NC,02/08/2020,Chapter,Charlotte,UNC-Charlotte,Cone Center,,35.3050925,-80.7332454
231,Eastern NC Chapter Competition ,https://www.mathcounts.org/eastern-nc-chapter-competition,NC,02/08/2020,Chapter,Winterville,South Central High School,570 Forlines Rd.,,35.5415155,-77.42862579999999
232,Fayetteville Chapter Competition ,https://www.mathcounts.org/fayetteville-chapter-competition,NC,02/15/2020,Chapter,Fayetteville,Snyder Memorial Baptist Church,701 Westmont Drive,,35.0660833,-78.9053515
233,Greensboro Chapter Competition ,https://www.mathcounts.org/greensboro-chapter-competition,NC,02/08/2020,Chapter,Greensboro,Greensboro Day School,5401 Lawndale Drive,27455,36.1500628,-79.8365029
234,Hickory Chapter Competition ,https://www.mathcounts.org/hickory-chapter-competition,NC,02/11/2020,Chapter,Hickory,Hickory Metro Convention Center,,,35.7091445,-81.3039439
235,High Country Chapter Competition ,https://www.mathcounts.org/high-country-chapter-competition,NC,02/11/2020,Chapter,Boone,Appalachian State University,,,36.2135255,-81.6839919
236,Orange/Durham Chapter Competition ,https://www.mathcounts.org/orangedurham-chapter-competition,NC,02/13/2020,Chapter,Chapel Hill,UNC Chapel Hill,"Student Union, Great Hall",,35.9103736,-79.0476448
237,Raleigh Chapter Competition ,https://www.mathcounts.org/raleigh-chapter-competition,NC,02/08/2020,Chapter,Cary,Triangle Math and Science Academy,,,35.7331936,-78.8062558
238,Wilmington Chapter Competition ,https://www.mathcounts.org/wilmington-chapter-competition,NC,02/22/2019,Chapter,Wilmington,CFCC North Campus - McKeithan Center,612 Brewster Lane,28412,34.3233715,-77.878102
239,Winston-Salem Chapter Competition ,https://www.mathcounts.org/winston-salem-chapter-competition,NC,02/15/2020,Chapter,Winston-Salem,Wake Forest University,,,36.1355052,-80.2791958
240,Benson County Chapter Competition ,https://www.mathcounts.org/benson-county-chapter-competition,ND,02/12/2020,Chapter,Minnewaukan,Benson County Courthouse,311 B Ave,58351,48.0689638,-99.25030989999999
241,Bottineau/Rolette County Chapter Competition ,https://www.mathcounts.org/bottineaurolette-county-chapter-competition,ND,02/05/2020,Chapter,Bottineau,James Holwell Auditorium - Bottineau Public School,301 Brander St.,58318,48.8294451,-100.4425942
242,Burke County Chapter Competition ,https://www.mathcounts.org/burke-county-chapter-competition,ND,02/12/2020,Chapter,Bowbells,Bowbells School,,58721,48.8052356,-102.2471963
243,Cass County Chapter Competition ,https://www.mathcounts.org/cass-county-chapter-competition,ND,02/19/2020,Chapter,Fargo,Fargo Dome,TBD,58102,46.9028775,-96.8001475
244,Cavalier County Chapter Competition ,https://www.mathcounts.org/cavalier-county-chapter-competition,ND,02/13/2020,Chapter,Langdon,Cavalier County Courthouse,901 3rd St,58249,48.7616527,-98.3676735
245,Dickey County Chapter Competition ,https://www.mathcounts.org/dickey-county-chapter-competition,ND,02/05/2020,Chapter,Ellendale,Dickey County Courthouse,309 2nd St North,58436-0148,46.0039927,-98.5237398
246,Divide County Chapter Competition ,https://www.mathcounts.org/divide-county-chapter-competition,ND,02/19/2020,Chapter,Crosby,Divide County High School,605 4th Ave. SE,,48.9076489,-103.2889418
247,Dunn County Chapter Competition ,https://www.mathcounts.org/dunn-county-chapter-competition,ND,02/12/2020,Chapter,Killdeer,Killdear Public Schools,101 High St.,58640,47.3726275,-102.7563343
248,Emmons County Chapter Competition ,https://www.mathcounts.org/emmons-county-chapter-competition,ND,02/05/2020,Chapter,Linton,Emmons County Courthouse,100 4th St. NW,58552,46.2670724,-100.2367392
249,Foster County/Carrington County Chapter Competition ,https://www.mathcounts.org/foster-countycarrington-county-chapter-competition,ND,,Chapter,Carriington,Carrington High School,100 3rd Ave. S,58421,47.4478088,-99.11489159999999
250,Golden Valley County Competition ,https://www.mathcounts.org/golden-valley-county-competition,ND,02/18/2020,Chapter,Beach,Beach Public School,600 N Central Ave,58621,46.9223672,-104.0054736
251,Grand Forks County Chapter Competition ,https://www.mathcounts.org/grand-forks-county-chapter-competition,ND,02/05/2020,Chapter,Grand Forks,AE2S,"4050 Garden View Drive, Ste. 200",58203,47.9145483,-97.08576339999999
252,Hettinger County Chapter Competition ,https://www.mathcounts.org/hettinger-county-chapter-competition-0,ND,02/07/2020,Chapter,Mott,Hettinger County,336 Pacific Avenue,58646,46.3747305,-102.3290961
253,LaMoure County Chapter Competition ,https://www.mathcounts.org/lamoure-county-chapter-competition-0,ND,02/05/2020,Chapter,LaMoure,LaMoure County Courthouse,202 4th Ave. NE,,46.3623676,-98.2914627
254,Logan County Chapter Competition ,https://www.mathcounts.org/logan-county-chapter-competition,ND,02/11/2020,Chapter,Gackle,Gackle-Streeter Public School,TBD,58442,46.6271362,-99.13797760000001
255,McHenry County Chapter Competition ,https://www.mathcounts.org/mchenry-county-chapter-competition,ND,02/12/2020,Chapter,Towner,Memorial Building,407 Main St. S,58788,,
256,McIntosh County Chapter Competition ,https://www.mathcounts.org/mcintosh-county-chapter-competition,ND,02/05/2020,Chapter,Wishek,Wishek Public School,100 Badger St. S,58495,46.2567443,-99.5498504
257,McKenzie County Chapter Competition ,https://www.mathcounts.org/mckenzie-county-chapter-competition,ND,02/04/2020,Chapter,Watford City,McKenzie Co. Court House,201 5th ST. NW,58854,47.8024004,-103.2891547
258,McLean County Chapter Competition ,https://www.mathcounts.org/mclean-county-chapter-competition,ND,02/12/2019,Chapter,Washburn,Washburn High School,713 7th St.,58577,47.2923679,-101.0267553
259,Mercer Chapter Competition ,https://www.mathcounts.org/mercer-chapter-competition-0,ND,02/04/2020,Chapter,Hazen,Hazen Public School,520 1st Ave. NE,58545,47.2986705,-101.6207336
260,Morton County Chapter Competition ,https://www.mathcounts.org/morton-county-chapter-competition,ND,01/29/2020,Chapter,Mandan,Christ the King School,,,,
261,Nelson County Chapter Competition ,https://www.mathcounts.org/nelson-county-chapter-competition,ND,02/05/2020,Chapter,Lakota,Nelson County Court House Community Room,210 B Ave W,58344,48.0418783,-98.34614409999999
262,Oliver Chapter Competition ,https://www.mathcounts.org/oliver-chapter-competition,ND,02/11/2020,Chapter,Center,Center-Stanton High School,,,47.1185385,-101.297594
263,Pembina Chapter Competition ,https://www.mathcounts.org/pembina-chapter-competition,ND,02/05/2020,Chapter,TBD,Walsh County Courthouse,Farmer's Room,TBD,48.4184997,-97.4046752
264,Ramsey County Chapter Competition ,https://www.mathcounts.org/ramsey-county-chapter-competition,ND,02/12/2020,Chapter,Devils Lake,Central Middle School,325 7th St. NE,58301,48.1153376,-98.86021050000001
265,Renville County Chapter Competition ,https://www.mathcounts.org/renville-county-chapter-competition,ND,02/12/2020,Chapter,Mohall,Mohall High School,,,48.9113768,-101.0209758
266,Richland County Chapter Competition ,https://www.mathcounts.org/richland-county-chapter-competition,ND,02/22/2020,Chapter,Hankinson,Hankinson Community Center,112 Main Avenue South,58041,46.072402,-96.9023141
267,Sargent County Chapter Competition ,https://www.mathcounts.org/sargent-county-chapter-competition,ND,02/12/2020,Chapter,Gwinner,North Sargent School,,58060,46.2247909,-97.6646308
268,Stark County Chapter Competition ,https://www.mathcounts.org/stark-county-chapter-competition,ND,02/06/2020,Chapter,Dickinson,Besiot Activity Center - Dickinson State University,,58601,46.8829109,-102.8074025
269,Steele County Chapter Competition ,https://www.mathcounts.org/steele-county-chapter-competition,ND,02/12/2020,Chapter,Hope,Hope-Page High School,100 Bates Avenue,58046,47.3189534,-97.7147064
270,Towner County Chapter Competition ,https://www.mathcounts.org/towner-county-chapter-competition,ND,02/10/2020,Chapter,Cando,North Star Public School,418 2nd Avenue,58324,48.489887,-99.2084849
271,Traill County Chapter Competition ,https://www.mathcounts.org/traill-county-chapter-competition,ND,02/19/2020,Chapter,Hatton,Hatton Eielson Public School,503 4th St.,58240,47.6414803,-97.4602949
272,Walsh County Chapter Competition ,https://www.mathcounts.org/walsh-county-chapter-competition,ND,02/05/2020,Chapter,Grafton,Walsh County Courthouse,600 Cooper Ave.,58237,48.4184997,-97.4046752
273,Walsh/Pembina MathCounts Competition ,https://www.mathcounts.org/walshpembina-mathcounts-competition,ND,02/05/2020,Chapter,Grafton,Walsh County Courthouse,600 Cooper Ave,58237,48.4184997,-97.4046752
274,Ward County Chapter Competition ,https://www.mathcounts.org/ward-county-chapter-competition,ND,02/12/2020,Chapter,Minot,Minot State University Student Union,500 University Avenue West,58701,48.24861670000001,-101.3014122
275,Wells County Chapter Competition ,https://www.mathcounts.org/wells-county-chapter-competition,ND,02/05/2020,Chapter,Fessenden,Fessenden-Bowdon School,500 2nd St. N,58438,47.651959,-99.6265586
276,Eastern NE Chapter Competition ,https://www.mathcounts.org/eastern-ne-chapter-competition,NE,02/29/2020,Chapter,Omaha,St. Margaret Mary's School,123 N 61st St.,68132,41.260904,-96.006162
277,Northeast NE Chapter Competition ,https://www.mathcounts.org/northeast-ne-chapter-competition,NE,02/01/2020,Chapter,Columbus,Columbus Central Community College,"4500 63rd St, Columbus, NE 68601",68601,41.4769573,-97.3804553
278,Southeast NE Chapter Competition ,https://www.mathcounts.org/southeast-ne-chapter-competition-0,NE,02/15/2020,Chapter,Lincoln,East High School,1000 S 70th St,68510,40.8034353,-96.6222559
279,Keene Chapter Competition ,https://www.mathcounts.org/keene-chapter-competition,NH,02/07/2020,Chapter,Keene,Keene State College,,03435,42.9255506,-72.2803849
280,Lebanon Chapter Competition ,https://www.mathcounts.org/lebanon-chapter-competition,NH,02/06/2020,Chapter,Hanover,Richmond Middle School,,03755,,
281,North Country Chapter Competition  ,https://www.mathcounts.org/north-country-chapter-competition,NH,02/07/2020,Chapter,Berlin,White Mountain Community College,2020 Riverside Drive,03570,44.5034369,-71.15839509999999
282,Plymouth Chapter Competition ,https://www.mathcounts.org/plymouth-chapter-competition,NH,02/08/2020,Chapter,Plymouth,Plymouth State University,Hyde Hall,03264,43.7594781,-71.6882664
283,Seacoast Chapter Competition ,https://www.mathcounts.org/seacoast-chapter-competition,NH,02/08/2020,Chapter,Durham,University of New Hampshire,33 Academic Way,03824,43.138948,-70.9370252
284,Southern NH Chapter Competition ,https://www.mathcounts.org/southern-nh-chapter-competition,NH,02/01/2020,Chapter,Bedford,McKelvie School,Liberty Hill Road,03110,42.9369437,-71.5032701
285,Bergen/Hudson Chapter Competition ,https://www.mathcounts.org/bergenhudson-chapter-competition,NJ,02/01/2020,Chapter,Paramus,Bergen Community College,400 Rounty Road 62,07652,40.9508752,-74.0881824
286,Mercer Chapter Competition ,https://www.mathcounts.org/mercer-chapter-competition,NJ,02/01/2020,Chapter,West Windsor,Mercer Community College,"Campus Center Cafeteria, 1200 Old Trenton Road",08550,40.2544044,-74.6504908
287,"MUM (Middlesex, Union and Monmouth Counties) Chapter Competition ",https://www.mathcounts.org/mum-middlesex-union-and-monmouth-counties-chapter-competition,NJ,02/08/2020,Chapter,Cranford,"Union County College, Cranford Campus","Roy Smith Theater, 1033 Springfield Avenue",07016,40.6676716,-74.3201624
288,North Central NJ Chapter Competition ,https://www.mathcounts.org/north-central-nj-chapter-competition,NJ,02/01/2020,Chapter,Newark,NJ Institute of Technology,"Main Ball Room, Campus Center, 2nd Floor, University Heights",07102,40.7430762,-74.17835470000001
289,Ocean/Burlington Chapter Competition ,https://www.mathcounts.org/oceanburlington-chapter-competition,NJ,02/08/2020,Chapter,Toms River,Ocean Community College,"Technical Building #25, 1 College Drive",08754,40.00772200000001,-74.16618799999999
290,South Jersey Chapter Competition ,https://www.mathcounts.org/south-jersey-chapter-competition,NJ,02/01/2020,Chapter,Glassboro,Rowan University,"Student Center, 201 Millica Hill Road",08028,39.70862,-75.1181297
291,Albuquerque Chapter Competition ,https://www.mathcounts.org/albuquerque-chapter-competition,NM,02/22/2020,Chapter,Albuquerque,University of New Mexico,,,35.0843187,-106.6197812
292,Four Corners Chapter Competition ,https://www.mathcounts.org/four-corners-chapter-competition,NM,02/15/2020,Chapter,Farmington,McGee Park Fair Grounds,41 Road 5568,87401,36.6999701,-108.0987936
293,Northern NM Chapter Competition ,https://www.mathcounts.org/northern-nm-chapter-competition,NM,02/22/2020,Chapter,Los Alamos,University of New Mexico - Los Alamos Branch,4000 University Drive,87544,35.8861204,-106.319616
294,Northern Nevada Chapter Competition ,https://www.mathcounts.org/northern-nevada-chapter-competition,NV,02/08/2020,Chapter,Reno,"University of Nevada, Reno",1664 N Virginia St,89557,39.5453407,-119.8161657
295,Southern Nevada Chapter Competition ,https://www.mathcounts.org/southern-nevada-chapter-competition,NV,02/08/2020,Chapter,Las Vegas,UNLV,TBD,TBD,36.1085197,-115.1431709
296,Bronx Chapter Competition ,https://www.mathcounts.org/bronx-chapter-competition,NY,02/05/2020,Chapter,Bronx,Manhattan College - Kelly Student Commons,"3900 Waldo Avenue, Conference Room 5B",10463,40.8884649,-73.90292269999999
297,Brooklyn Chapter Competition ,https://www.mathcounts.org/brooklyn-chapter-competition,NY,02/26/2020,Chapter,Brooklyn,NYU Tandon School of Engineering,,,40.6942036,-73.98657899999999
298,Broome Area Chapter Competition ,https://www.mathcounts.org/broome-area-chapter-competition,NY,02/08/2020,Chapter,Delhi,SUNY Delhi - Evenden Tower,Suny Delhi Campus,13753,42.2697449,-74.92381069999999
299,Cattaraugas/Chautauqua Chapter Competition ,https://www.mathcounts.org/cattaraugaschautauqua-chapter-competition,NY,02/08/2020,Chapter,St. Bonaventure,St. Bonaventure University,,14778,42.0794875,-78.48427029999999
300,Champlain Valley Chapter Competition ,https://www.mathcounts.org/champlain-valley-chapter-competition,NY,02/15/2020,Chapter,Plattsburgh,Clinton Community College,136 Clinton Point Drive,12901,44.64819199999999,-73.439933
301,Dutchess/ Ulster Region Mathcounts Competition ,https://www.mathcounts.org/dutchess-ulster-region-mathcounts-competition,NY,02/22/2020,Chapter,Poughkeepsie,Dutchess Community College,53 Pendell Road,12601,41.7222178,-73.9067896
302,Long Island Chapter Competition ,https://www.mathcounts.org/long-island-chapter-competition,NY,02/01/2020,Chapter,Great Neck,Great Neck Public Schools,77 Polo Rd,11023,40.8034854,-73.7430626
303,Long Island Mathcounts Competition ,https://www.mathcounts.org/long-island-mathcounts-competition,NY,02/01/2020,Chapter,Great Neck,Great Neck Public Schools,77 Polo Rd,11023,40.8034854,-73.7430626
304,Monroe NY Chapter Competition ,https://www.mathcounts.org/monroe-ny-chapter-competition,NY,02/29/2020,Chapter,Rochester,Rochester Institue of Technology - Slaughter Hall,78 Rochester Institute of Technology,14623,43.0844955,-77.6749311
305,Oneida/Mohawk Valley Chapter Competition ,https://www.mathcounts.org/oneidamohawk-valley-chapter-competition,NY,02/01/2020,Chapter,Utica,Mohawk Valley Community College,,13501,43.07700699999999,-75.218217
306,Orange/Sullivan Chapter Competition ,https://www.mathcounts.org/orangesullivan-chapter-competition,NY,02/21/2020,Chapter,Montgomery,Montgomery Recreation Center,,,,
307,Queens Chapter Competition ,https://www.mathcounts.org/queens-chapter-competition,NY,02/01/2020,Chapter,Little Neck,MS 67 Louis Pasteur Middle School,51-60 Marathon Parkway,,40.7624372,-73.73442589999999
308,Rockland Chapter Competition ,https://www.mathcounts.org/rockland-chapter-competition,NY,02/13/2020,Chapter,West Nyack,Felix Festa Middle School,30 Parrott Rd.,10994,41.1224505,-73.9826235
309,St. Lawrence/Franklin Chapter Competition ,https://www.mathcounts.org/st-lawrencefranklin-chapter-competition,NY,02/21/2020,Chapter,Potsdam,Clarkson University,8 Clarkson Avenue,13699,44.6636819,-74.9977112
310,Staten Island Chapter Competition ,https://www.mathcounts.org/staten-island-chapter-competition,NY,02/12/2020,Chapter,Staten Island,Borough President's Hall of Science,"715 Ocean Terrace, Bldg. A",10301,40.6086339,-74.10509290000002
311,Tri-County Chapter Competition ,https://www.mathcounts.org/tri-county-chapter-competition,NY,02/01/2020,Chapter,Queensbury,SUNY Adirondack,Bay Road,,43.3517471,-73.655379
312,Westchester/Putnam Chapter Competition ,https://www.mathcounts.org/westchesterputnam-chapter-competition,NY,02/01/2020,Chapter,Pleasantville,Pace University,,,40.7110772,-74.004811
313,Central Chapter Competition ,https://www.mathcounts.org/central-chapter-competition-0,NY,,Chapter,TBD,Baylor University,Rogers Engineering and Computer Science Bldg.,,,
314,Akron Chapter Competition ,https://www.mathcounts.org/akron-chapter-competition,OH,02/01/2020,Chapter,Akron,University of Akron - Student Union Ballroom,303 Carroll Street,44325,41.0756231,-81.5124345
315,Canton Ohio Chapter Competition ,https://www.mathcounts.org/canton-ohio-chapter-competition,OH,02/08/2020,Chapter,Canton,Exploration Gateway at Sippo Lake Park,5710 12th St NW,44708,40.807589,-81.457679
316,Cincinnati Chapter Competition ,https://www.mathcounts.org/cincinnati-chapter-competition-0,OH,02/29/2020,Chapter,Cincinnati,"University of Cincinnati, Zimmer Auditorium",Clifton Ave,45238,39.1334513,-84.5168638
317,Dayton Chapter Competition ,https://www.mathcounts.org/dayton-chapter-competition,OH,02/22/2020,Chapter,Dayton,"University of Dayton, Miriam Hall",,,39.7405484,-84.17620699999999
318,Eastern Chapter Competition ,https://www.mathcounts.org/eastern-chapter-competition-3,OH,02/14/2020,Chapter,St. Clairsville,Belmont College,,TBD,,
319,Franklin County Chapter Competition ,https://www.mathcounts.org/franklin-county-chapter-competition,OH,02/08/2020,Chapter,Columbus,Columbus State Community College,,,39.9689258,-82.9871615
320,Hocking Valley Region Chapter Competition ,https://www.mathcounts.org/hocking-valley-region-chapter-competition,OH,02/22/2020,Chapter,Athens,Academic and Research Center,61 Oxbow Trail,45701,39.3266594,-82.1060054
321,Mahoning Valley Chapter Competition ,https://www.mathcounts.org/mahoning-valley-chapter-competition,OH,02/13/2020,Chapter,Youngstown,Kilkawly Center - Youngstown State University,1 University Plaza,44555,41.1069819,-80.64848649999999
322,Muskingum Valley Chapter Competition ,https://www.mathcounts.org/muskingum-valley-chapter-competition,OH,01/24/2020,Chapter,Zanesville,Zane State College/Ohio University Zanesville Campus Center,1555 Newark Rd.,43701,39.9617937,-82.0333168
323,North Central OH Regional Chapter Competition ,https://www.mathcounts.org/north-central-oh-regional-chapter-competition,OH,02/01/2020,Chapter,Ashland,Ashland University,401 College Avenue,44805,40.8620193,-82.3225811
324,Northeast OH Chapter Competition ,https://www.mathcounts.org/northeast-oh-chapter-competition,OH,02/15/2020,Chapter,Cleveland,Cleveland State University,2121 Euclid Avenue,44115,41.5025072,-81.6746268
325,Northwest OH Chapter Competition ,https://www.mathcounts.org/northwest-oh-chapter-competition,OH,02/21/2020,Chapter,Archbold,Northwest Ohio Educational Service Center,205 Nolan Parkway,43502,41.4957502,-84.3102795
326,Toledo Chapter Competition ,https://www.mathcounts.org/toledo-chapter-competition,OH,02/01/2020,Chapter,Toledo,The University of Toledo,"College of Eng., Nitschke Auditorium",,41.6551822,-83.6061115
327,Central OK Chapter Competition ,https://www.mathcounts.org/central-ok-chapter-competition,OK,01/25/2020,Chapter,Edmond,University of Central Oklahoma,,,35.657506,-97.4709491
328,East Central OK Chapter Competition ,https://www.mathcounts.org/east-central-ok-chapter-competition,OK,02/01/2020,Chapter,Tulsa,University of Tulsa,,,36.1520526,-95.94607529999999
329,Eastern OK Chapter Competition ,https://www.mathcounts.org/eastern-ok-chapter-competition,OK,02/22/2020,Chapter,Wilburton,Eastern Oklahoma State College,,,34.9134996,-95.3277088
330,Northwestern OK Chapter Competition ,https://www.mathcounts.org/northwestern-ok-chapter-competition,OK,02/08/2020,Chapter,Alva,Northwestern Oklahoma State University,,,36.7966974,-98.66829489999999
331,Southwest OK Chapter Competition ,https://www.mathcounts.org/southwest-ok-chapter-competition,OK,02/15/2020,Chapter,Lawton,Cameron University,2800 West Gore Blvd.,73505,34.6049663,-98.436244
332,Central OR Chapter Competition ,https://www.mathcounts.org/central-or-chapter-competition-0,OR,02/22/2020,Chapter,Bend,Oregon State University - Cascades,1500 SW Chandler Avenue,97702,44.04296799999999,-121.333477
333,Clackamas and Multnomah Chapter Competition ,https://www.mathcounts.org/clackamas-and-multnomah-chapter-competition,OR,02/22/2020,Chapter,Wilsonville,Mentor Graphics Commons,,,45.3204938,-122.7624463
334,Klamath Basin Chapter Competition ,https://www.mathcounts.org/klamath-basin-chapter-competition,OR,02/21/2020,Chapter,Klamath Falls,Oregon Institute of Technology,3201 Campus Dr.,97601,42.2573474,-121.7849109
335,Mid-Willamette Valley Chapter Competition ,https://www.mathcounts.org/mid-willamette-valley-chapter-competition,OR,02/01/2020,Chapter,Salem,Chemeketa Community College,4000 Lancaster Drive NE,97305,44.97944469999999,-122.978655
336,Northeast OR Chapter Competition ,https://www.mathcounts.org/northeast-or-chapter-competition,OR,02/15/2019,Chapter,Pendleton,Blue Mountain Community College,2411 NW Carden,97801,45.6765819,-118.816091
337,Oregon Region 1 Competition ,https://www.mathcounts.org/oregon-region-1-competition,OR,02/15/2020,Chapter,Hillsboro,"Intel Corporation, Jones Farm Conference Center",2111 NE 25th Avenue,97124,45.542876,-122.9617765
338,Oregon Region 2 Competition ,https://www.mathcounts.org/oregon-region-2-competition,OR,02/22/2020,Chapter,Wilsonville,Mentor Commons,8005 Boeckman Road,97070,45.3183968,-122.7616012
339,Rogue Valley Chapter Competition ,https://www.mathcounts.org/rogue-valley-chapter-competition,OR,02/22/2020,Chapter,Medford,North Medford High School,Media Ctr - 1900 North Keene Way Drive,97504,42.347131,-122.850634
340,Southwest OR Chapter Competition ,https://www.mathcounts.org/southwest-or-chapter-competition,OR,02/20/2020,Chapter,Coos Bay,Coos Bay Boys and Girls Club,333 Walnut Avenue,97420,43.3859668,-124.2506081
341,Anthracite Chapter Competition ,https://www.mathcounts.org/anthracite-chapter-competition,PA,02/01/2020,Chapter,Schuylkill Haven,"The Pennsylvania State University, Schuylkill Campus",200 University Drive,17972,40.6406264,-76.16764839999999
342,Beaver Chapter Competition ,https://www.mathcounts.org/beaver-chapter-competition,PA,02/01/2020,Chapter,Monaca,Penn State Beaver,100 University Drive,15061,40.6781967,-80.29638330000002
343,Blair and Central Chapter Competition ,https://www.mathcounts.org/blair-and-central-chapter-competition,PA,02/01/2020,Chapter,Altoona,Penn State Altoona,3000 Ivyside Park,16601,40.5410764,-78.4105926
344,Bucks County Chapter Competition ,https://www.mathcounts.org/bucks-county-chapter-competition,PA,02/08/2020,Chapter,Lansdale,Dock Mennonite Academy 9-12 Campus,1000 Forty Foot Road,19446,40.2552865,-75.3354367
345,Chester County Chapter Competition ,https://www.mathcounts.org/chester-county-chapter-competition,PA,02/01/2020,Chapter,Downingtown,Bishop Shanahan High School,220 Woodbine Road,PA 19335,40.0088725,-75.6875503
346,Delaware Chapter Competition ,https://www.mathcounts.org/delaware-chapter-competition,PA,02/08/2020,Chapter,Glen Mills,Garnet Valley Middle School,601 Smithbridge Road,19342,39.8690124,-75.5141175
347,Erie Chapter Competition ,https://www.mathcounts.org/erie-chapter-competition,PA,02/22/2020,Chapter,Erie,Gannon University,109 University Square,16541,42.1282555,-80.0867478
348,Fayette Chapter Competition ,https://www.mathcounts.org/fayette-chapter-competition,PA,02/06/2020,Chapter,Lemont Furnace,Penn State Fayette,2201 University Drive,15456,39.9459689,-79.6604265
349,Harrisburg Chapter Competition ,https://www.mathcounts.org/harrisburg-chapter-competition,PA,02/22/2020,Chapter,Middletown,Penn State Harrisburg,,17057,40.2040778,-76.7415475
350,Johnstown Chapter Competition ,https://www.mathcounts.org/johnstown-chapter-competition,PA,02/15/2020,Chapter,Johnstown,University of Pittsburgh-Johnstown,,15904,40.2674464,-78.83401730000001
351,Keystone Northeast Chapter ,https://www.mathcounts.org/keystone-northeast-chapter,PA,02/08/2020,Chapter,Kingston,Wyoming Valley West Middle School,201 Chester Street,18704,41.2616461,-75.8909663
352,Lehigh Valley Chapter Competition ,https://www.mathcounts.org/lehigh-valley-chapter-competition,PA,02/08/2020,Chapter,Allentown,Trexler Middle School,851 North 15th Street,18102,40.6108458,-75.4930918
353,Lincoln Chapter Competition ,https://www.mathcounts.org/lincoln-chapter-competition,PA,02/22/2020,Chapter,Millersville,Millersville University,21 S George St,17551,39.9970405,-76.3543706
354,Midwestern Chapter Competition ,https://www.mathcounts.org/midwestern-chapter-competition,PA,02/08/2020,Chapter,Grove City,Hoyt Hall - Grove City College,100 Campus Drive,16127,41.1546475,-80.07894139999999
355,Philadelphia Chapter Competition ,https://www.mathcounts.org/philadelphia-chapter-competition,PA,02/01/2020,Chapter,Philadelphia,Temple University - College of Engineering,1947 N 12th St.,19122,39.9824908,-75.15288699999999
356,Pittsburgh Chapter Competition ,https://www.mathcounts.org/pittsburgh-chapter-competition,PA,02/08/2020,Chapter,Allison Park,AW Beattie Career Center,9600 Babcock Blvd,15101,40.5791787,-80.0057801
357,Reading Chapter Competition ,https://www.mathcounts.org/reading-chapter-competition,PA,02/08/2020,Chapter,Reading,Penn State University - Berks,1801 Broadcasting Rd.,19610,40.359947,-75.97614899999999
358,Susquehanna Chapter Competition ,https://www.mathcounts.org/susquehanna-chapter-competition,PA,02/08/2020,Chapter,Montoursville,C.E. McCall Middle School,600 Willow St.,17754,41.2554558,-76.9052202
359,Valley Forge Chapter Competition ,https://www.mathcounts.org/valley-forge-chapter-competition,PA,02/08/2020,Chapter,Lansdale,Dock Mennonite Academy 9-12 Campus,1000 Forty Foot Road,19446,40.2552865,-75.3354367
360,Washington County Chapter Competition ,https://www.mathcounts.org/washington-county-chapter-competition-0,PA,02/08/2020,Chapter,Washington,Washington & Jefferson College,60 South Lincoln St.,15301,40.1706389,-80.24029689999999
361,Westmoreland County Chapter Competition ,https://www.mathcounts.org/westmoreland-county-chapter-competition,PA,02/15/2020,Chapter,Greensburg,Greensburg Salem Middle School,301 North Main St.,15601,40.3069952,-79.5453223
362,Metro East/West Chapter Competition ,https://www.mathcounts.org/metro-eastwest-chapter-competition,PR,02/22/2020,Chapter,San Juan,Polytechnic University of Puerto Rico,TBD,,,
363,West/South Chapter Competition ,https://www.mathcounts.org/westsouth-chapter-competition,PR,02/22/2020,Chapter,San Juan,Polytechnic University of Puerto Rico,,,,
364,Aiken Chapter Competition ,https://www.mathcounts.org/aiken-chapter-competition,SC,02/15/2020,Chapter,Graniteville,Aiken Technical College,2276 Jefferson Davis Highway,29829,33.534518,-81.842672
365,Catawba Chapter Competition ,https://www.mathcounts.org/catawba-chapter-competition,SC,02/11/2020,Chapter,Rock Hill,Westminster Presbyterian Church,1300 India Hook Rd,29732,34.953086,-81.030673
366,Charleston Chapter Competition ,https://www.mathcounts.org/charleston-chapter-competition,SC,02/07/2020,Chapter,Charleston,The Citadel,Beyer Auditorium,,,
367,Coastal/PeeDee Chapter Competition ,https://www.mathcounts.org/coastalpeedee-chapter-competition,SC,02/01/2020,Chapter,Conway,Coastal Carolina University,,,33.7965964,-79.01336119999999
368,Columbia Chapter Competition ,https://www.mathcounts.org/columbia-chapter-competition,SC,02/01/2020,Chapter,Columbia,Hammond School,854 Galway Lane,29209,33.9644783,-80.9649511
369,Piedmont Chapter Competition ,https://www.mathcounts.org/piedmont-chapter-competition,SC,02/08/2020,Chapter,Greenville,Dr. Phinnize J. Fisher Middle School,700 Millennium Blvd,29607,34.8165912,-82.3185503
370,Spartanburg Chapter Competition ,https://www.mathcounts.org/spartanburg-chapter-competition,SC,02/08/2020,Chapter,Greenville,Dr. Phinnize J. Fisher Middle School,700 Millennium Blvd,29607,34.8165912,-82.3185503
371,Black Hills Chapter Competition ,https://www.mathcounts.org/black-hills-chapter-competition,SD,02/22/2020,Chapter,Rapid City,"Classroom Building, South Dakota School of Mines and Technology",501 East St. Joseph Street,57702,44.0745488,-103.2069315
372,Northeastern SD Chapter Competition ,https://www.mathcounts.org/northeastern-sd-chapter-competition,SD,02/05/2020,Chapter,Aberdeen,Northern State University,1200 S Jay St.,57401,45.4510995,-98.4844923
373,Southeastern SD Chapter Competition ,https://www.mathcounts.org/southeastern-sd-chapter-competition,SD,02/20/2020,Chapter,Sioux Falls,Southeast Technical Institute,2320 N Career Ave,57107,43.5704512,-96.7794356
374,Chattanooga Chapter Competition ,https://www.mathcounts.org/chattanooga-chapter-competition,TN,02/08/2020,Chapter,Chattanooga,Chattanooga Girls Leadership Academy,1802 Bailey Avenue,37404,35.0336015,-85.2771635
375,Knoxville Chapter Competition ,https://www.mathcounts.org/knoxville-chapter-competition,TN,02/15/2020,Chapter,Knoxville,John D. Tickle Bldg. - UT Campus,room #405,,35.9557216,-83.9226734
376,Memphis Chapter Competition ,https://www.mathcounts.org/memphis-chapter-competition-0,TN,02/01/2020,Chapter,Memphis,Southwest Tennessee Community College,5983 Macon Cove,38134,35.161699,-89.8663729
377,Nashville Chapter Competition ,https://www.mathcounts.org/nashville-chapter-competition,TN,02/08/2020,Chapter,Nashville,Adventure Science Center,800 Fort Negley Boulevard,37203,36.1463355,-86.7756304
378,Tullahoma Chapter Competition ,https://www.mathcounts.org/tullahoma-chapter-competition-0,TN,02/01/2020,Chapter,Tullahoma,UT Space Institute,411 B.H. Goethert Pkwy,37388,35.3191227,-86.101309
379,Upper East TN Chapter Competition ,https://www.mathcounts.org/upper-east-tn-chapter-competition,TN,02/15/2020,Chapter,Kingsport,Regional Center for Advanced Manufacturing (RCAM),305 W Main St,37660,36.5468219,-82.5654982
380,Abilene Chapter Competition ,https://www.mathcounts.org/abilene-chapter-competition,TX,02/01/2020,Chapter,Abilene,Abilene Christian University,Physics & Engineering Bldg.,,32.469732,-99.70809799999999
381,Bay Area Chapter Competition ,https://www.mathcounts.org/bay-area-chapter-competition,TX,02/15/2020,Chapter,Houston,Space Center Houston,1601 E NASA Pkwy.,77058,29.5518461,-95.0982892
382,Bexar Chapter Competition ,https://www.mathcounts.org/bexar-chapter-competition,TX,02/08/2020,Chapter,San Antonio,St. Mary's University,One Camino Santa Maria,78228,29.4523378,-98.5640981
383,Brazos Chapter Competition ,https://www.mathcounts.org/brazos-chapter-competition,TX,02/01/2020,Chapter,College Station,Zachry Building Texas A & M Campus,125 Spence Street,77840,30.6210864,-96.34038819999999
384,Central TX Chapter Competition ,https://www.mathcounts.org/central-tx-chapter-competition,TX,02/08/2020,Chapter,Waco,Baylor University,Rogers Engineering and Computer Science Bldg.,,31.55034,-97.11711269999999
385,Dallas Chapter Competition ,https://www.mathcounts.org/dallas-chapter-competition,TX,02/08/2020,Chapter,Dallas,Hillcrest High School,9924 Hillcrest Road,75230,32.8829586,-96.78562409999999
386,DFW Mid-Cities Chapter Competition ,https://www.mathcounts.org/dfw-mid-cities-chapter-competition,TX,02/15/2020,Chapter,Arlington,"The University of Texas at Arlington College of Engineering, 634 Nedderman Hall",416 Yates Street,76019,32.732283,-97.113551
387,East Texas Chapter Competition ,https://www.mathcounts.org/east-texas-chapter-competition,TX,02/04/2020,Chapter,Tyler,University of Texas - Tyler,,,32.315745,-95.25423099999999
388,El Paso Chapter Competition ,https://www.mathcounts.org/el-paso-chapter-competition,TX,02/08/2020,Chapter,El Paso,TecH2O,10751 Montana Avenue,79935,31.804124,-106.32709
389,Gateway Chapter Competition ,https://www.mathcounts.org/gateway-chapter-competition,TX,02/18/2020,Chapter,Laredo,Texas A&M International University,5201 University Blvd.,78041,27.5714739,-99.4355295
390,Greater Houston Chapter Competition ,https://www.mathcounts.org/greater-houston-chapter-competition,TX,02/08/2020,Chapter,Houston,Fluor Corporation,,,32.9012006,-96.9520467
391,Nueces Chapter Competition ,https://www.mathcounts.org/nueces-chapter-competition,TX,02/01/2020,Chapter,Corpus Christi,Texas A&M - Corpus Christi,300 Ocean Drive,78412,27.7129509,-97.3242095
392,Panhandle Chapter Competition ,https://www.mathcounts.org/panhandle-chapter-competition-0,TX,02/08/2020,Chapter,Amarillo,Amarillo College West Campus,6222 W. 9th Ave.,79101,35.2068369,-101.9072632
393,Permian Basin Chapter Competition ,https://www.mathcounts.org/permian-basin-chapter-competition,TX,02/22/2020,Chapter,Midland,Midland College,,,32.0304457,-102.1061597
394,Piney Woods Chapter Competition ,https://www.mathcounts.org/piney-woods-chapter-competition,TX,02/14/2020,Chapter,Lufkin,Angelina College Science & Mathematics Bldg.,2nd floor,75901,31.2873317,-94.73120139999999
395,Preston Trails/Northeast TX Chapter Competition ,https://www.mathcounts.org/preston-trailsnortheast-tx-chapter-competition,TX,02/15/2020,Chapter,Richardson,University of Texas at Dallas - Naveen Jindal School of Management (JSOM),800 W Campbell Road,75080,32.985088,-96.7468902
396,Rio Grande Valley Chapter Competition ,https://www.mathcounts.org/rio-grande-valley-chapter-competition,TX,02/29/2020,Chapter,Edinburg,UTRGV Edinburg Campus- Math and General Classrooms Building,1201 W. University Dr.,78539,26.3077128,-98.1728674
397,Sabine Chapter Competition ,https://www.mathcounts.org/sabine-chapter-competition,TX,02/21/2020,Chapter,Beaumont,Lamar University - Cherry Engineering Building,4400 MLK Blvd.,77710,30.03990529999999,-94.0755748
398,South Plains ,https://www.mathcounts.org/south-plains,TX,02/22/2019,Chapter,Lubbock,Texas Tech University Civil Engineering Building,,79409,33.5873806,-101.8756532
399,Travis Chapter Competition ,https://www.mathcounts.org/travis-chapter-competition,TX,02/01/2020,Chapter,Austin,University of Texas at Austin,"J.J. Pickle Research Ctr Commons Bldg., 10100 Burnet Rd.",78758,30.3877547,-97.72815159999999
400,Central UT Chapter Competition ,https://www.mathcounts.org/central-ut-chapter-competition,UT,02/01/2020,Chapter,Highland,Mountain Ridge Jr. High,5525 W 10400 N,,40.41994529999999,-111.7907174
401,Eastern UT Chapter Competition ,https://www.mathcounts.org/eastern-ut-chapter-competition,UT,02/22/2020,Chapter,Roosevelt,Utah State University Extension,987 East Lagoon Street,84066,40.29988549999999,-109.9773661
402,North Salt Lake ChapterCompetition ,https://www.mathcounts.org/north-salt-lake-chaptercompetition,UT,02/08/2020,Chapter,Salt Lake City,Salt Lake Community College- Redwood Campus,,,40.6707163,-111.9441385
403,Northern UT Chapter Competition ,https://www.mathcounts.org/northern-ut-chapter-competition,UT,02/08/2020,Chapter,Ogden,"Weber State University, Shepherd Union",3848 Harrison Blvd,84408,41.1924705,-111.944625
404,Salt Lake Non Traditional Chapter ,https://www.mathcounts.org/salt-lake-non-traditional-chapter,UT,02/08/2020,Chapter,Sandy,The Waterford School,1480 East 9400 South,84093,40.5798673,-111.8494056
405,South Central UT Chapter Competition ,https://www.mathcounts.org/south-central-ut-chapter-competition,UT,02/13/2020,Chapter,Cedar City,Southern Utah University - Ballroom in Student Center,351 West University Blvd,84720,37.6764461,-113.0713001
406,South Salt Lake Chapter Competition ,https://www.mathcounts.org/south-salt-lake-chapter-competition,UT,02/08/2020,Chapter,Murray,3M Health Information Systems,575 Murray Blvd,84123,40.6571906,-111.9069859
407,Southern UT Chapter Competition ,https://www.mathcounts.org/southern-ut-chapter-competition,UT,02/14/2020,Chapter,St George,Dixie State University - Kenneth Gardner Student Center,S 900 East,84770,37.1039188,-113.5659582
408,Blue Ridge Chapter Competition ,https://www.mathcounts.org/blue-ridge-chapter-competition,VA,02/01/2020,Chapter,Winchester,Admiral Richard E. Byrd Middle School,134 Rosa Ln.,22602,39.1245574,-78.1493309
409,"NoVA, George Washington, and Fairfax Chapters Competition ",https://www.mathcounts.org/nova-george-washington-and-fairfax-chapters-competition,VA,02/01/2020,Chapter,Fairfax,Johnson Center at George Mason University,4400 University Drive,22030,38.8299705,-77.3075492
410,Peninsula Region Chapter Competition ,https://www.mathcounts.org/peninsula-region-chapter-competition,VA,02/29/2020,Chapter,Hampton,Hampton University Student Center,Marshall Avenue,23668,37.0215287,-76.3345528
411,Richmond Chapter Competition ,https://www.mathcounts.org/richmond-chapter-competition,VA,02/15/2020,Chapter,Richmond,J. Sargeant Reynolds Community College Parham Road Campus,,23228,37.6375208,-77.4730666
412,Skyline Chapter Competition ,https://www.mathcounts.org/skyline-chapter-competition,VA,02/08/2020,Chapter,Weyers Cave,Blue Ridge Community College,,,38.2785817,-78.9384105
413,Southwest VA Chapter Competition ,https://www.mathcounts.org/southwest-va-chapter-competition,VA,02/08/2020,Chapter,Lynchburg,Liberty University,,24502,37.3530446,-79.1769529
414,Tidewater Chapter Competition ,https://www.mathcounts.org/tidewater-chapter-competition,VA,02/22/2020,Chapter,Norfolk,Norfolk State University,"Nursing and General Education Bldg., Room 101",23504,36.8480161,-76.262085
415,St. Thomas-St. John Chapter Competition ,https://www.mathcounts.org/st-thomas-st-john-chapter-competition,VI,02/27/2020,Chapter,St. Thomas,University of the Virgin Islands ACC Building Conference Room,,,,
416,Northeast VT Chapter Competition ,https://www.mathcounts.org/northeast-vt-chapter-competition,VT,02/08/2020,Chapter,Lyndonville,Northern Vermont University - Lyndon,1001 College Rd,05851,44.5355567,-72.025198
417,Northwest VT Chapter Competition ,https://www.mathcounts.org/northwest-vt-chapter-competition,VT,02/08/2020,Chapter,Burlington,Innovation Hall,82 University Place,05405,44.4784713,-73.1975745
418,Southeast VT Chapter Competition ,https://www.mathcounts.org/southeast-vt-chapter-competition-0,VT,02/08/2020,Chapter,Windsor,Windsor High School,19 Ascutney Street,05089,43.47993899999999,-72.394646
419,Southwest VT Chapter Competition ,https://www.mathcounts.org/southwest-vt-chapter-competition,VT,02/01/2020,Chapter,Castleton,Castleton University,48 College Dr,05735,43.6080159,-73.1786951
420,Lake Washington Chapter Competition ,https://www.mathcounts.org/lake-washington-chapter-competition,WA,02/22/2020,Chapter,Redmond,Microsoft Conference Center Building 33,16070 NE 36th Way,98052,47.6427193,-122.1247639
421,Mt. Rainier Chapter Competition ,https://www.mathcounts.org/mt-rainier-chapter-competition,WA,02/22/2020,Chapter,Auburn,Mt. Baker Middle School,620 37 St. SE,98002,47.2742393,-122.2197884
422,North Puget Sound Chapter Competition ,https://www.mathcounts.org/north-puget-sound-chapter-competition,WA,02/22/2020,Chapter,Mt Vernon,Conway Middle School,19710 State Route 534,98274,48.340215,-122.319458
423,Olympia Chapter Competition ,https://www.mathcounts.org/olympia-chapter-competition,WA,02/29/2020,Chapter,Lacey,St. Martin's University,5300 Pacific Avenue,98503,47.0382122,-122.8173481
424,Palouse Empire Chapter Competition ,https://www.mathcounts.org/palouse-empire-chapter-competition,WA,02/22/2020,Chapter,Spokane,Gonzaga University - Hemmingson Center,,,47.667252,-117.3990221
425,Seattle Chapter Competition ,https://www.mathcounts.org/seattle-chapter-competition,WA,02/08/2020,Chapter,Seattle,Amazon Headquarters - specific building TBD,2121 7th Avenue,98103,,
426,Southwest WA Chapter Competition ,https://www.mathcounts.org/southwest-wa-chapter-competition,WA,02/22/2020,Chapter,Vancouver,Clark Collage,,,45.6346231,-122.6507225
427,Spokane Chapter Competition ,https://www.mathcounts.org/spokane-chapter-competition,WA,02/22/2020,Chapter,Spokane,Gonzaga University - Hemmingson Center,,,47.667252,-117.3990221
428,Tri-Cities Mathcounts Competition ,https://www.mathcounts.org/tri-cities-mathcounts-competition,WA,02/01/2020,Chapter,West Richland,Leona Libby Middle School,3259 Belmont Blvd,99353,46.2735245,-119.3732701
429,Wenatchee Chapter Competition ,https://www.mathcounts.org/wenatchee-chapter-competition-0,WA,02/22/2020,Chapter,Wenatchee,Foothills Middle School,1410 Maple St.,98801,47.4431278,-120.3360221
430,Fox River Valley Chapter Competition ,https://www.mathcounts.org/fox-river-valley-chapter-competition,WI,02/01/2020,Chapter,Sheboygan,Acuity,2800 S. Taylor Drive,53081,43.726817,-87.756813
431,Greater Milwaukee Chapter Competition ,https://www.mathcounts.org/greater-milwaukee-chapter-competition,WI,02/01/2020,Chapter,Milwaukee,UW-Milwaukee,,,43.078263,-87.8819686
432,Northwest WI Chapter Competition ,https://www.mathcounts.org/northwest-wi-chapter-competition,WI,01/30/2020,Chapter,Eau Claire,Delong Middle School Auditorium,2000 Vine Street,54703,44.8220183,-91.5354498
433,Southeast WI Chapter Competition ,https://www.mathcounts.org/southeast-wi-chapter-competition,WI,02/01/2020,Chapter,Milwaukee,UW-Milwaukee,,,43.078263,-87.8819686
434,Southwest WI Chapter Competition ,https://www.mathcounts.org/southwest-wi-chapter-competition,WI,02/08/2020,Chapter,Middleton,Kromrey Middle School,7009 Donna Dr,53562,43.1050088,-89.504182
435,Waukesha/Milwaukee Chapter Competition ,https://www.mathcounts.org/waukeshamilwaukee-chapter-competition,WI,02/01/2020,Chapter,Milwaukee,UW-Milwaukee,,,43.078263,-87.8819686
436,Western WI Chapter Competition ,https://www.mathcounts.org/western-wi-chapter-competition,WI,02/07/2020,Chapter,Onalaska,Omni Center,255 Riders Club Rd.,54650,43.9079752,-91.2407932
437,Wisconsin Valley Chapter Competition ,https://www.mathcounts.org/wisconsin-valley-chapter-competition,WI,02/01/2020,Chapter,Wausau,University of Wisconsin Stevens Point at Wausau,518 S 7th Avenue,,44.9582309,-89.6446701
438,Elkins Chapter Competition ,https://www.mathcounts.org/elkins-chapter-competition,WV,02/01/2020,Chapter,Elkins,Jennings Randolph Elementary School,101 Scott Ford Rd.,26241,38.9123699,-79.8606652
439,Morgantown Chapter Competition ,https://www.mathcounts.org/morgantown-chapter-competition,WV,02/08/2020,Chapter,Morgantown,Monongalia County Schools,13 South High Street,26501,39.6229316,-79.94453999999999
440,Southeast WV Chapter Competition ,https://www.mathcounts.org/southeast-chapter-competition-4,WV,02/05/2020,Chapter,Bluefield,Bluefield State College,219 Rock Street,,37.2672311,-81.2374456
441,T. Moore Jackson Chapter Competition ,https://www.mathcounts.org/t-moore-jackson-chapter-competition-0,WV,02/28/2020,Chapter,Clarksburg,Harrison Co. Schools,445 West Main St.,26301,39.2798298,-80.3423303
442,Northeast WY Chapter Competition ,https://www.mathcounts.org/northeast-wy-chapter-competition,WY,02/13/2020,Chapter,Gillette,Gillette College Tech Center,,82718,44.2641225,-105.5075726
443,Northwest Chapter Competition ,https://www.mathcounts.org/northwest-chapter-competition,WY,02/06/2020,Chapter,Powell,Northwest College,231 W 6th St.,82435,44.7592743,-108.7616275
444,Southeast WY Chapter Competition ,https://www.mathcounts.org/southeast-wy-chapter-competition,WY,02/22/2020,Chapter,Cheyenne,"LCCC, Clay Pathfinder Building",1400 E. College Drive,82007,41.1042071,-104.778403
445,Southwest WY Chapter Competition ,https://www.mathcounts.org/southwest-chapter-competition-1,WY,02/14/2020,Chapter,Rock Springs,Western Wyoming Community College,2500 College Dr.,82901,41.5911812,-109.23703
